N1, N2, N3, N4
7,74,1881,388
388,1881,1882,389
389,1882,1883,390
390,1883,1884,391
391,1884,1885,392
392,1885,1886,393
393,1886,1887,394
394,1887,1888,395
395,1888,1889,396
396,1889,1890,397
397,1890,1891,398
398,1891,1892,399
399,1892,1893,400
400,1893,1894,401
401,1894,1895,402
402,1895,1896,403
403,1896,1897,404
404,1897,1898,405
405,1898,1899,406
406,1899,1900,407
407,1900,1901,408
408,1901,1902,409
409,1902,1903,410
410,1903,1904,411
411,1904,1905,412
412,1905,1906,413
413,1906,1907,414
414,1907,1908,415
415,1908,1909,416
416,1909,1910,417
417,1910,1911,418
418,1911,1912,419
419,1912,1913,420
420,1913,1914,421
421,1914,1915,422
422,1915,1916,423
423,1916,1917,424
424,1917,1918,425
425,1918,1919,426
426,1919,1920,427
427,1920,1921,428
428,1921,1922,429
429,1922,1923,430
430,1923,1924,431
431,1924,1925,432
432,1925,1926,433
433,1926,1927,434
434,1927,1928,435
435,1928,1929,436
436,1929,1930,437
437,1930,1931,438
438,1931,1932,439
439,1932,1933,440
440,1933,1934,441
441,1934,1935,442
442,1935,1936,443
443,1936,1937,444
444,1937,1938,445
445,1938,1939,446
446,1939,1940,447
447,1940,1941,448
448,1941,1942,449
449,1942,1943,450
450,1943,1944,451
451,1944,1945,452
452,1945,1946,453
453,1946,1947,454
454,1947,1948,455
455,1948,1949,456
456,1949,1950,457
457,1950,1951,458
458,1951,1952,459
459,1952,1953,460
460,1953,1954,461
461,1954,1955,462
462,1955,1956,463
463,1956,1957,464
464,1957,1958,465
465,1958,1959,466
466,1959,1960,467
467,1960,1961,468
468,1961,1962,469
469,1962,1963,470
470,1963,138,16
74,75,1964,1881
1881,1964,1965,1882
1882,1965,1966,1883
1883,1966,1967,1884
1884,1967,1968,1885
1885,1968,1969,1886
1886,1969,1970,1887
1887,1970,1971,1888
1888,1971,1972,1889
1889,1972,1973,1890
1890,1973,1974,1891
1891,1974,1975,1892
1892,1975,1976,1893
1893,1976,1977,1894
1894,1977,1978,1895
1895,1978,1979,1896
1896,1979,1980,1897
1897,1980,1981,1898
1898,1981,1982,1899
1899,1982,1983,1900
1900,1983,1984,1901
1901,1984,1985,1902
1902,1985,1986,1903
1903,1986,1987,1904
1904,1987,1988,1905
1905,1988,1989,1906
1906,1989,1990,1907
1907,1990,1991,1908
1908,1991,1992,1909
1909,1992,1993,1910
1910,1993,1994,1911
1911,1994,1995,1912
1912,1995,1996,1913
1913,1996,1997,1914
1914,1997,1998,1915
1915,1998,1999,1916
1916,1999,2000,1917
1917,2000,2001,1918
1918,2001,2002,1919
1919,2002,2003,1920
1920,2003,2004,1921
1921,2004,2005,1922
1922,2005,2006,1923
1923,2006,2007,1924
1924,2007,2008,1925
1925,2008,2009,1926
1926,2009,2010,1927
1927,2010,2011,1928
1928,2011,2012,1929
1929,2012,2013,1930
1930,2013,2014,1931
1931,2014,2015,1932
1932,2015,2016,1933
1933,2016,2017,1934
1934,2017,2018,1935
1935,2018,2019,1936
1936,2019,2020,1937
1937,2020,2021,1938
1938,2021,2022,1939
1939,2022,2023,1940
1940,2023,2024,1941
1941,2024,2025,1942
1942,2025,2026,1943
1943,2026,2027,1944
1944,2027,2028,1945
1945,2028,2029,1946
1946,2029,2030,1947
1947,2030,2031,1948
1948,2031,2032,1949
1949,2032,2033,1950
1950,2033,2034,1951
1951,2034,2035,1952
1952,2035,2036,1953
1953,2036,2037,1954
1954,2037,2038,1955
1955,2038,2039,1956
1956,2039,2040,1957
1957,2040,2041,1958
1958,2041,2042,1959
1959,2042,2043,1960
1960,2043,2044,1961
1961,2044,2045,1962
1962,2045,2046,1963
1963,2046,137,138
75,76,2047,1964
1964,2047,2048,1965
1965,2048,2049,1966
1966,2049,2050,1967
1967,2050,2051,1968
1968,2051,2052,1969
1969,2052,2053,1970
1970,2053,2054,1971
1971,2054,2055,1972
1972,2055,2056,1973
1973,2056,2057,1974
1974,2057,2058,1975
1975,2058,2059,1976
1976,2059,2060,1977
1977,2060,2061,1978
1978,2061,2062,1979
1979,2062,2063,1980
1980,2063,2064,1981
1981,2064,2065,1982
1982,2065,2066,1983
1983,2066,2067,1984
1984,2067,2068,1985
1985,2068,2069,1986
1986,2069,2070,1987
1987,2070,2071,1988
1988,2071,2072,1989
1989,2072,2073,1990
1990,2073,2074,1991
1991,2074,2075,1992
1992,2075,2076,1993
1993,2076,2077,1994
1994,2077,2078,1995
1995,2078,2079,1996
1996,2079,2080,1997
1997,2080,2081,1998
1998,2081,2082,1999
1999,2082,2083,2000
2000,2083,2084,2001
2001,2084,2085,2002
2002,2085,2086,2003
2003,2086,2087,2004
2004,2087,2088,2005
2005,2088,2089,2006
2006,2089,2090,2007
2007,2090,2091,2008
2008,2091,2092,2009
2009,2092,2093,2010
2010,2093,2094,2011
2011,2094,2095,2012
2012,2095,2096,2013
2013,2096,2097,2014
2014,2097,2098,2015
2015,2098,2099,2016
2016,2099,2100,2017
2017,2100,2101,2018
2018,2101,2102,2019
2019,2102,2103,2020
2020,2103,2104,2021
2021,2104,2105,2022
2022,2105,2106,2023
2023,2106,2107,2024
2024,2107,2108,2025
2025,2108,2109,2026
2026,2109,2110,2027
2027,2110,2111,2028
2028,2111,2112,2029
2029,2112,2113,2030
2030,2113,2114,2031
2031,2114,2115,2032
2032,2115,2116,2033
2033,2116,2117,2034
2034,2117,2118,2035
2035,2118,2119,2036
2036,2119,2120,2037
2037,2120,2121,2038
2038,2121,2122,2039
2039,2122,2123,2040
2040,2123,2124,2041
2041,2124,2125,2042
2042,2125,2126,2043
2043,2126,2127,2044
2044,2127,2128,2045
2045,2128,2129,2046
2046,2129,136,137
76,77,2130,2047
2047,2130,2131,2048
2048,2131,2132,2049
2049,2132,2133,2050
2050,2133,2134,2051
2051,2134,2135,2052
2052,2135,2136,2053
2053,2136,2137,2054
2054,2137,2138,2055
2055,2138,2139,2056
2056,2139,2140,2057
2057,2140,2141,2058
2058,2141,2142,2059
2059,2142,2143,2060
2060,2143,2144,2061
2061,2144,2145,2062
2062,2145,2146,2063
2063,2146,2147,2064
2064,2147,2148,2065
2065,2148,2149,2066
2066,2149,2150,2067
2067,2150,2151,2068
2068,2151,2152,2069
2069,2152,2153,2070
2070,2153,2154,2071
2071,2154,2155,2072
2072,2155,2156,2073
2073,2156,2157,2074
2074,2157,2158,2075
2075,2158,2159,2076
2076,2159,2160,2077
2077,2160,2161,2078
2078,2161,2162,2079
2079,2162,2163,2080
2080,2163,2164,2081
2081,2164,2165,2082
2082,2165,2166,2083
2083,2166,2167,2084
2084,2167,2168,2085
2085,2168,2169,2086
2086,2169,2170,2087
2087,2170,2171,2088
2088,2171,2172,2089
2089,2172,2173,2090
2090,2173,2174,2091
2091,2174,2175,2092
2092,2175,2176,2093
2093,2176,2177,2094
2094,2177,2178,2095
2095,2178,2179,2096
2096,2179,2180,2097
2097,2180,2181,2098
2098,2181,2182,2099
2099,2182,2183,2100
2100,2183,2184,2101
2101,2184,2185,2102
2102,2185,2186,2103
2103,2186,2187,2104
2104,2187,2188,2105
2105,2188,2189,2106
2106,2189,2190,2107
2107,2190,2191,2108
2108,2191,2192,2109
2109,2192,2193,2110
2110,2193,2194,2111
2111,2194,2195,2112
2112,2195,2196,2113
2113,2196,2197,2114
2114,2197,2198,2115
2115,2198,2199,2116
2116,2199,2200,2117
2117,2200,2201,2118
2118,2201,2202,2119
2119,2202,2203,2120
2120,2203,2204,2121
2121,2204,2205,2122
2122,2205,2206,2123
2123,2206,2207,2124
2124,2207,2208,2125
2125,2208,2209,2126
2126,2209,2210,2127
2127,2210,2211,2128
2128,2211,2212,2129
2129,2212,135,136
77,78,2213,2130
2130,2213,2214,2131
2131,2214,2215,2132
2132,2215,2216,2133
2133,2216,2217,2134
2134,2217,2218,2135
2135,2218,2219,2136
2136,2219,2220,2137
2137,2220,2221,2138
2138,2221,2222,2139
2139,2222,2223,2140
2140,2223,2224,2141
2141,2224,2225,2142
2142,2225,2226,2143
2143,2226,2227,2144
2144,2227,2228,2145
2145,2228,2229,2146
2146,2229,2230,2147
2147,2230,2231,2148
2148,2231,2232,2149
2149,2232,2233,2150
2150,2233,2234,2151
2151,2234,2235,2152
2152,2235,2236,2153
2153,2236,2237,2154
2154,2237,2238,2155
2155,2238,2239,2156
2156,2239,2240,2157
2157,2240,2241,2158
2158,2241,2242,2159
2159,2242,2243,2160
2160,2243,2244,2161
2161,2244,2245,2162
2162,2245,2246,2163
2163,2246,2247,2164
2164,2247,2248,2165
2165,2248,2249,2166
2166,2249,2250,2167
2167,2250,2251,2168
2168,2251,2252,2169
2169,2252,2253,2170
2170,2253,2254,2171
2171,2254,2255,2172
2172,2255,2256,2173
2173,2256,2257,2174
2174,2257,2258,2175
2175,2258,2259,2176
2176,2259,2260,2177
2177,2260,2261,2178
2178,2261,2262,2179
2179,2262,2263,2180
2180,2263,2264,2181
2181,2264,2265,2182
2182,2265,2266,2183
2183,2266,2267,2184
2184,2267,2268,2185
2185,2268,2269,2186
2186,2269,2270,2187
2187,2270,2271,2188
2188,2271,2272,2189
2189,2272,2273,2190
2190,2273,2274,2191
2191,2274,2275,2192
2192,2275,2276,2193
2193,2276,2277,2194
2194,2277,2278,2195
2195,2278,2279,2196
2196,2279,2280,2197
2197,2280,2281,2198
2198,2281,2282,2199
2199,2282,2283,2200
2200,2283,2284,2201
2201,2284,2285,2202
2202,2285,2286,2203
2203,2286,2287,2204
2204,2287,2288,2205
2205,2288,2289,2206
2206,2289,2290,2207
2207,2290,2291,2208
2208,2291,2292,2209
2209,2292,2293,2210
2210,2293,2294,2211
2211,2294,2295,2212
2212,2295,134,135
78,79,2296,2213
2213,2296,2297,2214
2214,2297,2298,2215
2215,2298,2299,2216
2216,2299,2300,2217
2217,2300,2301,2218
2218,2301,2302,2219
2219,2302,2303,2220
2220,2303,2304,2221
2221,2304,2305,2222
2222,2305,2306,2223
2223,2306,2307,2224
2224,2307,2308,2225
2225,2308,2309,2226
2226,2309,2310,2227
2227,2310,2311,2228
2228,2311,2312,2229
2229,2312,2313,2230
2230,2313,2314,2231
2231,2314,2315,2232
2232,2315,2316,2233
2233,2316,2317,2234
2234,2317,2318,2235
2235,2318,2319,2236
2236,2319,2320,2237
2237,2320,2321,2238
2238,2321,2322,2239
2239,2322,2323,2240
2240,2323,2324,2241
2241,2324,2325,2242
2242,2325,2326,2243
2243,2326,2327,2244
2244,2327,2328,2245
2245,2328,2329,2246
2246,2329,2330,2247
2247,2330,2331,2248
2248,2331,2332,2249
2249,2332,2333,2250
2250,2333,2334,2251
2251,2334,2335,2252
2252,2335,2336,2253
2253,2336,2337,2254
2254,2337,2338,2255
2255,2338,2339,2256
2256,2339,2340,2257
2257,2340,2341,2258
2258,2341,2342,2259
2259,2342,2343,2260
2260,2343,2344,2261
2261,2344,2345,2262
2262,2345,2346,2263
2263,2346,2347,2264
2264,2347,2348,2265
2265,2348,2349,2266
2266,2349,2350,2267
2267,2350,2351,2268
2268,2351,2352,2269
2269,2352,2353,2270
2270,2353,2354,2271
2271,2354,2355,2272
2272,2355,2356,2273
2273,2356,2357,2274
2274,2357,2358,2275
2275,2358,2359,2276
2276,2359,2360,2277
2277,2360,2361,2278
2278,2361,2362,2279
2279,2362,2363,2280
2280,2363,2364,2281
2281,2364,2365,2282
2282,2365,2366,2283
2283,2366,2367,2284
2284,2367,2368,2285
2285,2368,2369,2286
2286,2369,2370,2287
2287,2370,2371,2288
2288,2371,2372,2289
2289,2372,2373,2290
2290,2373,2374,2291
2291,2374,2375,2292
2292,2375,2376,2293
2293,2376,2377,2294
2294,2377,2378,2295
2295,2378,133,134
79,80,2379,2296
2296,2379,2380,2297
2297,2380,2381,2298
2298,2381,2382,2299
2299,2382,2383,2300
2300,2383,2384,2301
2301,2384,2385,2302
2302,2385,2386,2303
2303,2386,2387,2304
2304,2387,2388,2305
2305,2388,2389,2306
2306,2389,2390,2307
2307,2390,2391,2308
2308,2391,2392,2309
2309,2392,2393,2310
2310,2393,2394,2311
2311,2394,2395,2312
2312,2395,2396,2313
2313,2396,2397,2314
2314,2397,2398,2315
2315,2398,2399,2316
2316,2399,2400,2317
2317,2400,2401,2318
2318,2401,2402,2319
2319,2402,2403,2320
2320,2403,2404,2321
2321,2404,2405,2322
2322,2405,2406,2323
2323,2406,2407,2324
2324,2407,2408,2325
2325,2408,2409,2326
2326,2409,2410,2327
2327,2410,2411,2328
2328,2411,2412,2329
2329,2412,2413,2330
2330,2413,2414,2331
2331,2414,2415,2332
2332,2415,2416,2333
2333,2416,2417,2334
2334,2417,2418,2335
2335,2418,2419,2336
2336,2419,2420,2337
2337,2420,2421,2338
2338,2421,2422,2339
2339,2422,2423,2340
2340,2423,2424,2341
2341,2424,2425,2342
2342,2425,2426,2343
2343,2426,2427,2344
2344,2427,2428,2345
2345,2428,2429,2346
2346,2429,2430,2347
2347,2430,2431,2348
2348,2431,2432,2349
2349,2432,2433,2350
2350,2433,2434,2351
2351,2434,2435,2352
2352,2435,2436,2353
2353,2436,2437,2354
2354,2437,2438,2355
2355,2438,2439,2356
2356,2439,2440,2357
2357,2440,2441,2358
2358,2441,2442,2359
2359,2442,2443,2360
2360,2443,2444,2361
2361,2444,2445,2362
2362,2445,2446,2363
2363,2446,2447,2364
2364,2447,2448,2365
2365,2448,2449,2366
2366,2449,2450,2367
2367,2450,2451,2368
2368,2451,2452,2369
2369,2452,2453,2370
2370,2453,2454,2371
2371,2454,2455,2372
2372,2455,2456,2373
2373,2456,2457,2374
2374,2457,2458,2375
2375,2458,2459,2376
2376,2459,2460,2377
2377,2460,2461,2378
2378,2461,132,133
80,81,2462,2379
2379,2462,2463,2380
2380,2463,2464,2381
2381,2464,2465,2382
2382,2465,2466,2383
2383,2466,2467,2384
2384,2467,2468,2385
2385,2468,2469,2386
2386,2469,2470,2387
2387,2470,2471,2388
2388,2471,2472,2389
2389,2472,2473,2390
2390,2473,2474,2391
2391,2474,2475,2392
2392,2475,2476,2393
2393,2476,2477,2394
2394,2477,2478,2395
2395,2478,2479,2396
2396,2479,2480,2397
2397,2480,2481,2398
2398,2481,2482,2399
2399,2482,2483,2400
2400,2483,2484,2401
2401,2484,2485,2402
2402,2485,2486,2403
2403,2486,2487,2404
2404,2487,2488,2405
2405,2488,2489,2406
2406,2489,2490,2407
2407,2490,2491,2408
2408,2491,2492,2409
2409,2492,2493,2410
2410,2493,2494,2411
2411,2494,2495,2412
2412,2495,2496,2413
2413,2496,2497,2414
2414,2497,2498,2415
2415,2498,2499,2416
2416,2499,2500,2417
2417,2500,2501,2418
2418,2501,2502,2419
2419,2502,2503,2420
2420,2503,2504,2421
2421,2504,2505,2422
2422,2505,2506,2423
2423,2506,2507,2424
2424,2507,2508,2425
2425,2508,2509,2426
2426,2509,2510,2427
2427,2510,2511,2428
2428,2511,2512,2429
2429,2512,2513,2430
2430,2513,2514,2431
2431,2514,2515,2432
2432,2515,2516,2433
2433,2516,2517,2434
2434,2517,2518,2435
2435,2518,2519,2436
2436,2519,2520,2437
2437,2520,2521,2438
2438,2521,2522,2439
2439,2522,2523,2440
2440,2523,2524,2441
2441,2524,2525,2442
2442,2525,2526,2443
2443,2526,2527,2444
2444,2527,2528,2445
2445,2528,2529,2446
2446,2529,2530,2447
2447,2530,2531,2448
2448,2531,2532,2449
2449,2532,2533,2450
2450,2533,2534,2451
2451,2534,2535,2452
2452,2535,2536,2453
2453,2536,2537,2454
2454,2537,2538,2455
2455,2538,2539,2456
2456,2539,2540,2457
2457,2540,2541,2458
2458,2541,2542,2459
2459,2542,2543,2460
2460,2543,2544,2461
2461,2544,131,132
81,8,305,2462
2462,305,306,2463
2463,306,307,2464
2464,307,308,2465
2465,308,309,2466
2466,309,310,2467
2467,310,311,2468
2468,311,312,2469
2469,312,313,2470
2470,313,314,2471
2471,314,315,2472
2472,315,316,2473
2473,316,317,2474
2474,317,318,2475
2475,318,319,2476
2476,319,320,2477
2477,320,321,2478
2478,321,322,2479
2479,322,323,2480
2480,323,324,2481
2481,324,325,2482
2482,325,326,2483
2483,326,327,2484
2484,327,328,2485
2485,328,329,2486
2486,329,330,2487
2487,330,331,2488
2488,331,332,2489
2489,332,333,2490
2490,333,334,2491
2491,334,335,2492
2492,335,336,2493
2493,336,337,2494
2494,337,338,2495
2495,338,339,2496
2496,339,340,2497
2497,340,341,2498
2498,341,342,2499
2499,342,343,2500
2500,343,344,2501
2501,344,345,2502
2502,345,346,2503
2503,346,347,2504
2504,347,348,2505
2505,348,349,2506
2506,349,350,2507
2507,350,351,2508
2508,351,352,2509
2509,352,353,2510
2510,353,354,2511
2511,354,355,2512
2512,355,356,2513
2513,356,357,2514
2514,357,358,2515
2515,358,359,2516
2516,359,360,2517
2517,360,361,2518
2518,361,362,2519
2519,362,363,2520
2520,363,364,2521
2521,364,365,2522
2522,365,366,2523
2523,366,367,2524
2524,367,368,2525
2525,368,369,2526
2526,369,370,2527
2527,370,371,2528
2528,371,372,2529
2529,372,373,2530
2530,373,374,2531
2531,374,375,2532
2532,375,376,2533
2533,376,377,2534
2534,377,378,2535
2535,378,379,2536
2536,379,380,2537
2537,380,381,2538
2538,381,382,2539
2539,382,383,2540
2540,383,384,2541
2541,384,385,2542
2542,385,386,2543
2543,386,387,2544
2544,387,15,131
8,82,2794,305
305,2794,2795,306
306,2795,2796,307
307,2796,2797,308
308,2797,2798,309
309,2798,2799,310
310,2799,2800,311
311,2800,2801,312
312,2801,2802,313
313,2802,2803,314
314,2803,2804,315
315,2804,2805,316
316,2805,2806,317
317,2806,2807,318
318,2807,2808,319
319,2808,2809,320
320,2809,2810,321
321,2810,2811,322
322,2811,2812,323
323,2812,2813,324
324,2813,2814,325
325,2814,2815,326
326,2815,2816,327
327,2816,2817,328
328,2817,2818,329
329,2818,2819,330
330,2819,2820,331
331,2820,2821,332
332,2821,2822,333
333,2822,2823,334
334,2823,2824,335
335,2824,2825,336
336,2825,2826,337
337,2826,2827,338
338,2827,2828,339
339,2828,2829,340
340,2829,2830,341
341,2830,2831,342
342,2831,2832,343
343,2832,2833,344
344,2833,2834,345
345,2834,2835,346
346,2835,2836,347
347,2836,2837,348
348,2837,2838,349
349,2838,2839,350
350,2839,2840,351
351,2840,2841,352
352,2841,2842,353
353,2842,2843,354
354,2843,2844,355
355,2844,2845,356
356,2845,2846,357
357,2846,2847,358
358,2847,2848,359
359,2848,2849,360
360,2849,2850,361
361,2850,2851,362
362,2851,2852,363
363,2852,2853,364
364,2853,2854,365
365,2854,2855,366
366,2855,2856,367
367,2856,2857,368
368,2857,2858,369
369,2858,2859,370
370,2859,2860,371
371,2860,2861,372
372,2861,2862,373
373,2862,2863,374
374,2863,2864,375
375,2864,2865,376
376,2865,2866,377
377,2866,2867,378
378,2867,2868,379
379,2868,2869,380
380,2869,2870,381
381,2870,2871,382
382,2871,2872,383
383,2872,2873,384
384,2873,2874,385
385,2874,2875,386
386,2875,2876,387
387,2876,476,15
82,83,2877,2794
2794,2877,2878,2795
2795,2878,2879,2796
2796,2879,2880,2797
2797,2880,2881,2798
2798,2881,2882,2799
2799,2882,2883,2800
2800,2883,2884,2801
2801,2884,2885,2802
2802,2885,2886,2803
2803,2886,2887,2804
2804,2887,2888,2805
2805,2888,2889,2806
2806,2889,2890,2807
2807,2890,2891,2808
2808,2891,2892,2809
2809,2892,2893,2810
2810,2893,2894,2811
2811,2894,2895,2812
2812,2895,2896,2813
2813,2896,2897,2814
2814,2897,2898,2815
2815,2898,2899,2816
2816,2899,2900,2817
2817,2900,2901,2818
2818,2901,2902,2819
2819,2902,2903,2820
2820,2903,2904,2821
2821,2904,2905,2822
2822,2905,2906,2823
2823,2906,2907,2824
2824,2907,2908,2825
2825,2908,2909,2826
2826,2909,2910,2827
2827,2910,2911,2828
2828,2911,2912,2829
2829,2912,2913,2830
2830,2913,2914,2831
2831,2914,2915,2832
2832,2915,2916,2833
2833,2916,2917,2834
2834,2917,2918,2835
2835,2918,2919,2836
2836,2919,2920,2837
2837,2920,2921,2838
2838,2921,2922,2839
2839,2922,2923,2840
2840,2923,2924,2841
2841,2924,2925,2842
2842,2925,2926,2843
2843,2926,2927,2844
2844,2927,2928,2845
2845,2928,2929,2846
2846,2929,2930,2847
2847,2930,2931,2848
2848,2931,2932,2849
2849,2932,2933,2850
2850,2933,2934,2851
2851,2934,2935,2852
2852,2935,2936,2853
2853,2936,2937,2854
2854,2937,2938,2855
2855,2938,2939,2856
2856,2939,2940,2857
2857,2940,2941,2858
2858,2941,2942,2859
2859,2942,2943,2860
2860,2943,2944,2861
2861,2944,2945,2862
2862,2945,2946,2863
2863,2946,2947,2864
2864,2947,2948,2865
2865,2948,2949,2866
2866,2949,2950,2867
2867,2950,2951,2868
2868,2951,2952,2869
2869,2952,2953,2870
2870,2953,2954,2871
2871,2954,2955,2872
2872,2955,2956,2873
2873,2956,2957,2874
2874,2957,2958,2875
2875,2958,2959,2876
2876,2959,475,476
83,84,2960,2877
2877,2960,2961,2878
2878,2961,2962,2879
2879,2962,2963,2880
2880,2963,2964,2881
2881,2964,2965,2882
2882,2965,2966,2883
2883,2966,2967,2884
2884,2967,2968,2885
2885,2968,2969,2886
2886,2969,2970,2887
2887,2970,2971,2888
2888,2971,2972,2889
2889,2972,2973,2890
2890,2973,2974,2891
2891,2974,2975,2892
2892,2975,2976,2893
2893,2976,2977,2894
2894,2977,2978,2895
2895,2978,2979,2896
2896,2979,2980,2897
2897,2980,2981,2898
2898,2981,2982,2899
2899,2982,2983,2900
2900,2983,2984,2901
2901,2984,2985,2902
2902,2985,2986,2903
2903,2986,2987,2904
2904,2987,2988,2905
2905,2988,2989,2906
2906,2989,2990,2907
2907,2990,2991,2908
2908,2991,2992,2909
2909,2992,2993,2910
2910,2993,2994,2911
2911,2994,2995,2912
2912,2995,2996,2913
2913,2996,2997,2914
2914,2997,2998,2915
2915,2998,2999,2916
2916,2999,3000,2917
2917,3000,3001,2918
2918,3001,3002,2919
2919,3002,3003,2920
2920,3003,3004,2921
2921,3004,3005,2922
2922,3005,3006,2923
2923,3006,3007,2924
2924,3007,3008,2925
2925,3008,3009,2926
2926,3009,3010,2927
2927,3010,3011,2928
2928,3011,3012,2929
2929,3012,3013,2930
2930,3013,3014,2931
2931,3014,3015,2932
2932,3015,3016,2933
2933,3016,3017,2934
2934,3017,3018,2935
2935,3018,3019,2936
2936,3019,3020,2937
2937,3020,3021,2938
2938,3021,3022,2939
2939,3022,3023,2940
2940,3023,3024,2941
2941,3024,3025,2942
2942,3025,3026,2943
2943,3026,3027,2944
2944,3027,3028,2945
2945,3028,3029,2946
2946,3029,3030,2947
2947,3030,3031,2948
2948,3031,3032,2949
2949,3032,3033,2950
2950,3033,3034,2951
2951,3034,3035,2952
2952,3035,3036,2953
2953,3036,3037,2954
2954,3037,3038,2955
2955,3038,3039,2956
2956,3039,3040,2957
2957,3040,3041,2958
2958,3041,3042,2959
2959,3042,474,475
84,9,560,2960
2960,560,561,2961
2961,561,562,2962
2962,562,563,2963
2963,563,564,2964
2964,564,565,2965
2965,565,566,2966
2966,566,567,2967
2967,567,568,2968
2968,568,569,2969
2969,569,570,2970
2970,570,571,2971
2971,571,572,2972
2972,572,573,2973
2973,573,574,2974
2974,574,575,2975
2975,575,576,2976
2976,576,577,2977
2977,577,578,2978
2978,578,579,2979
2979,579,580,2980
2980,580,581,2981
2981,581,582,2982
2982,582,583,2983
2983,583,584,2984
2984,584,585,2985
2985,585,586,2986
2986,586,587,2987
2987,587,588,2988
2988,588,589,2989
2989,589,590,2990
2990,590,591,2991
2991,591,592,2992
2992,592,593,2993
2993,593,594,2994
2994,594,595,2995
2995,595,596,2996
2996,596,597,2997
2997,597,598,2998
2998,598,599,2999
2999,599,600,3000
3000,600,601,3001
3001,601,602,3002
3002,602,603,3003
3003,603,604,3004
3004,604,605,3005
3005,605,606,3006
3006,606,607,3007
3007,607,608,3008
3008,608,609,3009
3009,609,610,3010
3010,610,611,3011
3011,611,612,3012
3012,612,613,3013
3013,613,614,3014
3014,614,615,3015
3015,615,616,3016
3016,616,617,3017
3017,617,618,3018
3018,618,619,3019
3019,619,620,3020
3020,620,621,3021
3021,621,622,3022
3022,622,623,3023
3023,623,624,3024
3024,624,625,3025
3025,625,626,3026
3026,626,627,3027
3027,627,628,3028
3028,628,629,3029
3029,629,630,3030
3030,630,631,3031
3031,631,632,3032
3032,632,633,3033
3033,633,634,3034
3034,634,635,3035
3035,635,636,3036
3036,636,637,3037
3037,637,638,3038
3038,638,639,3039
3039,639,640,3040
3040,640,641,3041
3041,641,642,3042
3042,642,18,474
9,85,5284,560
560,5284,5285,561
561,5285,5286,562
562,5286,5287,563
563,5287,5288,564
564,5288,5289,565
565,5289,5290,566
566,5290,5291,567
567,5291,5292,568
568,5292,5293,569
569,5293,5294,570
570,5294,5295,571
571,5295,5296,572
572,5296,5297,573
573,5297,5298,574
574,5298,5299,575
575,5299,5300,576
576,5300,5301,577
577,5301,5302,578
578,5302,5303,579
579,5303,5304,580
580,5304,5305,581
581,5305,5306,582
582,5306,5307,583
583,5307,5308,584
584,5308,5309,585
585,5309,5310,586
586,5310,5311,587
587,5311,5312,588
588,5312,5313,589
589,5313,5314,590
590,5314,5315,591
591,5315,5316,592
592,5316,5317,593
593,5317,5318,594
594,5318,5319,595
595,5319,5320,596
596,5320,5321,597
597,5321,5322,598
598,5322,5323,599
599,5323,5324,600
600,5324,5325,601
601,5325,5326,602
602,5326,5327,603
603,5327,5328,604
604,5328,5329,605
605,5329,5330,606
606,5330,5331,607
607,5331,5332,608
608,5332,5333,609
609,5333,5334,610
610,5334,5335,611
611,5335,5336,612
612,5336,5337,613
613,5337,5338,614
614,5338,5339,615
615,5339,5340,616
616,5340,5341,617
617,5341,5342,618
618,5342,5343,619
619,5343,5344,620
620,5344,5345,621
621,5345,5346,622
622,5346,5347,623
623,5347,5348,624
624,5348,5349,625
625,5349,5350,626
626,5350,5351,627
627,5351,5352,628
628,5352,5353,629
629,5353,5354,630
630,5354,5355,631
631,5355,5356,632
632,5356,5357,633
633,5357,5358,634
634,5358,5359,635
635,5359,5360,636
636,5360,5361,637
637,5361,5362,638
638,5362,5363,639
639,5363,5364,640
640,5364,5365,641
641,5365,5366,642
642,5366,696,18
85,86,5367,5284
5284,5367,5368,5285
5285,5368,5369,5286
5286,5369,5370,5287
5287,5370,5371,5288
5288,5371,5372,5289
5289,5372,5373,5290
5290,5373,5374,5291
5291,5374,5375,5292
5292,5375,5376,5293
5293,5376,5377,5294
5294,5377,5378,5295
5295,5378,5379,5296
5296,5379,5380,5297
5297,5380,5381,5298
5298,5381,5382,5299
5299,5382,5383,5300
5300,5383,5384,5301
5301,5384,5385,5302
5302,5385,5386,5303
5303,5386,5387,5304
5304,5387,5388,5305
5305,5388,5389,5306
5306,5389,5390,5307
5307,5390,5391,5308
5308,5391,5392,5309
5309,5392,5393,5310
5310,5393,5394,5311
5311,5394,5395,5312
5312,5395,5396,5313
5313,5396,5397,5314
5314,5397,5398,5315
5315,5398,5399,5316
5316,5399,5400,5317
5317,5400,5401,5318
5318,5401,5402,5319
5319,5402,5403,5320
5320,5403,5404,5321
5321,5404,5405,5322
5322,5405,5406,5323
5323,5406,5407,5324
5324,5407,5408,5325
5325,5408,5409,5326
5326,5409,5410,5327
5327,5410,5411,5328
5328,5411,5412,5329
5329,5412,5413,5330
5330,5413,5414,5331
5331,5414,5415,5332
5332,5415,5416,5333
5333,5416,5417,5334
5334,5417,5418,5335
5335,5418,5419,5336
5336,5419,5420,5337
5337,5420,5421,5338
5338,5421,5422,5339
5339,5422,5423,5340
5340,5423,5424,5341
5341,5424,5425,5342
5342,5425,5426,5343
5343,5426,5427,5344
5344,5427,5428,5345
5345,5428,5429,5346
5346,5429,5430,5347
5347,5430,5431,5348
5348,5431,5432,5349
5349,5432,5433,5350
5350,5433,5434,5351
5351,5434,5435,5352
5352,5435,5436,5353
5353,5436,5437,5354
5354,5437,5438,5355
5355,5438,5439,5356
5356,5439,5440,5357
5357,5440,5441,5358
5358,5441,5442,5359
5359,5442,5443,5360
5360,5443,5444,5361
5361,5444,5445,5362
5362,5445,5446,5363
5363,5446,5447,5364
5364,5447,5448,5365
5365,5448,5449,5366
5366,5449,695,696
86,87,5450,5367
5367,5450,5451,5368
5368,5451,5452,5369
5369,5452,5453,5370
5370,5453,5454,5371
5371,5454,5455,5372
5372,5455,5456,5373
5373,5456,5457,5374
5374,5457,5458,5375
5375,5458,5459,5376
5376,5459,5460,5377
5377,5460,5461,5378
5378,5461,5462,5379
5379,5462,5463,5380
5380,5463,5464,5381
5381,5464,5465,5382
5382,5465,5466,5383
5383,5466,5467,5384
5384,5467,5468,5385
5385,5468,5469,5386
5386,5469,5470,5387
5387,5470,5471,5388
5388,5471,5472,5389
5389,5472,5473,5390
5390,5473,5474,5391
5391,5474,5475,5392
5392,5475,5476,5393
5393,5476,5477,5394
5394,5477,5478,5395
5395,5478,5479,5396
5396,5479,5480,5397
5397,5480,5481,5398
5398,5481,5482,5399
5399,5482,5483,5400
5400,5483,5484,5401
5401,5484,5485,5402
5402,5485,5486,5403
5403,5486,5487,5404
5404,5487,5488,5405
5405,5488,5489,5406
5406,5489,5490,5407
5407,5490,5491,5408
5408,5491,5492,5409
5409,5492,5493,5410
5410,5493,5494,5411
5411,5494,5495,5412
5412,5495,5496,5413
5413,5496,5497,5414
5414,5497,5498,5415
5415,5498,5499,5416
5416,5499,5500,5417
5417,5500,5501,5418
5418,5501,5502,5419
5419,5502,5503,5420
5420,5503,5504,5421
5421,5504,5505,5422
5422,5505,5506,5423
5423,5506,5507,5424
5424,5507,5508,5425
5425,5508,5509,5426
5426,5509,5510,5427
5427,5510,5511,5428
5428,5511,5512,5429
5429,5512,5513,5430
5430,5513,5514,5431
5431,5514,5515,5432
5432,5515,5516,5433
5433,5516,5517,5434
5434,5517,5518,5435
5435,5518,5519,5436
5436,5519,5520,5437
5437,5520,5521,5438
5438,5521,5522,5439
5439,5522,5523,5440
5440,5523,5524,5441
5441,5524,5525,5442
5442,5525,5526,5443
5443,5526,5527,5444
5444,5527,5528,5445
5445,5528,5529,5446
5446,5529,5530,5447
5447,5530,5531,5448
5448,5531,5532,5449
5449,5532,694,695
87,88,5533,5450
5450,5533,5534,5451
5451,5534,5535,5452
5452,5535,5536,5453
5453,5536,5537,5454
5454,5537,5538,5455
5455,5538,5539,5456
5456,5539,5540,5457
5457,5540,5541,5458
5458,5541,5542,5459
5459,5542,5543,5460
5460,5543,5544,5461
5461,5544,5545,5462
5462,5545,5546,5463
5463,5546,5547,5464
5464,5547,5548,5465
5465,5548,5549,5466
5466,5549,5550,5467
5467,5550,5551,5468
5468,5551,5552,5469
5469,5552,5553,5470
5470,5553,5554,5471
5471,5554,5555,5472
5472,5555,5556,5473
5473,5556,5557,5474
5474,5557,5558,5475
5475,5558,5559,5476
5476,5559,5560,5477
5477,5560,5561,5478
5478,5561,5562,5479
5479,5562,5563,5480
5480,5563,5564,5481
5481,5564,5565,5482
5482,5565,5566,5483
5483,5566,5567,5484
5484,5567,5568,5485
5485,5568,5569,5486
5486,5569,5570,5487
5487,5570,5571,5488
5488,5571,5572,5489
5489,5572,5573,5490
5490,5573,5574,5491
5491,5574,5575,5492
5492,5575,5576,5493
5493,5576,5577,5494
5494,5577,5578,5495
5495,5578,5579,5496
5496,5579,5580,5497
5497,5580,5581,5498
5498,5581,5582,5499
5499,5582,5583,5500
5500,5583,5584,5501
5501,5584,5585,5502
5502,5585,5586,5503
5503,5586,5587,5504
5504,5587,5588,5505
5505,5588,5589,5506
5506,5589,5590,5507
5507,5590,5591,5508
5508,5591,5592,5509
5509,5592,5593,5510
5510,5593,5594,5511
5511,5594,5595,5512
5512,5595,5596,5513
5513,5596,5597,5514
5514,5597,5598,5515
5515,5598,5599,5516
5516,5599,5600,5517
5517,5600,5601,5518
5518,5601,5602,5519
5519,5602,5603,5520
5520,5603,5604,5521
5521,5604,5605,5522
5522,5605,5606,5523
5523,5606,5607,5524
5524,5607,5608,5525
5525,5608,5609,5526
5526,5609,5610,5527
5527,5610,5611,5528
5528,5611,5612,5529
5529,5612,5613,5530
5530,5613,5614,5531
5531,5614,5615,5532
5532,5615,693,694
88,89,5616,5533
5533,5616,5617,5534
5534,5617,5618,5535
5535,5618,5619,5536
5536,5619,5620,5537
5537,5620,5621,5538
5538,5621,5622,5539
5539,5622,5623,5540
5540,5623,5624,5541
5541,5624,5625,5542
5542,5625,5626,5543
5543,5626,5627,5544
5544,5627,5628,5545
5545,5628,5629,5546
5546,5629,5630,5547
5547,5630,5631,5548
5548,5631,5632,5549
5549,5632,5633,5550
5550,5633,5634,5551
5551,5634,5635,5552
5552,5635,5636,5553
5553,5636,5637,5554
5554,5637,5638,5555
5555,5638,5639,5556
5556,5639,5640,5557
5557,5640,5641,5558
5558,5641,5642,5559
5559,5642,5643,5560
5560,5643,5644,5561
5561,5644,5645,5562
5562,5645,5646,5563
5563,5646,5647,5564
5564,5647,5648,5565
5565,5648,5649,5566
5566,5649,5650,5567
5567,5650,5651,5568
5568,5651,5652,5569
5569,5652,5653,5570
5570,5653,5654,5571
5571,5654,5655,5572
5572,5655,5656,5573
5573,5656,5657,5574
5574,5657,5658,5575
5575,5658,5659,5576
5576,5659,5660,5577
5577,5660,5661,5578
5578,5661,5662,5579
5579,5662,5663,5580
5580,5663,5664,5581
5581,5664,5665,5582
5582,5665,5666,5583
5583,5666,5667,5584
5584,5667,5668,5585
5585,5668,5669,5586
5586,5669,5670,5587
5587,5670,5671,5588
5588,5671,5672,5589
5589,5672,5673,5590
5590,5673,5674,5591
5591,5674,5675,5592
5592,5675,5676,5593
5593,5676,5677,5594
5594,5677,5678,5595
5595,5678,5679,5596
5596,5679,5680,5597
5597,5680,5681,5598
5598,5681,5682,5599
5599,5682,5683,5600
5600,5683,5684,5601
5601,5684,5685,5602
5602,5685,5686,5603
5603,5686,5687,5604
5604,5687,5688,5605
5605,5688,5689,5606
5606,5689,5690,5607
5607,5690,5691,5608
5608,5691,5692,5609
5609,5692,5693,5610
5610,5693,5694,5611
5611,5694,5695,5612
5612,5695,5696,5613
5613,5696,5697,5614
5614,5697,5698,5615
5615,5698,692,693
89,90,5699,5616
5616,5699,5700,5617
5617,5700,5701,5618
5618,5701,5702,5619
5619,5702,5703,5620
5620,5703,5704,5621
5621,5704,5705,5622
5622,5705,5706,5623
5623,5706,5707,5624
5624,5707,5708,5625
5625,5708,5709,5626
5626,5709,5710,5627
5627,5710,5711,5628
5628,5711,5712,5629
5629,5712,5713,5630
5630,5713,5714,5631
5631,5714,5715,5632
5632,5715,5716,5633
5633,5716,5717,5634
5634,5717,5718,5635
5635,5718,5719,5636
5636,5719,5720,5637
5637,5720,5721,5638
5638,5721,5722,5639
5639,5722,5723,5640
5640,5723,5724,5641
5641,5724,5725,5642
5642,5725,5726,5643
5643,5726,5727,5644
5644,5727,5728,5645
5645,5728,5729,5646
5646,5729,5730,5647
5647,5730,5731,5648
5648,5731,5732,5649
5649,5732,5733,5650
5650,5733,5734,5651
5651,5734,5735,5652
5652,5735,5736,5653
5653,5736,5737,5654
5654,5737,5738,5655
5655,5738,5739,5656
5656,5739,5740,5657
5657,5740,5741,5658
5658,5741,5742,5659
5659,5742,5743,5660
5660,5743,5744,5661
5661,5744,5745,5662
5662,5745,5746,5663
5663,5746,5747,5664
5664,5747,5748,5665
5665,5748,5749,5666
5666,5749,5750,5667
5667,5750,5751,5668
5668,5751,5752,5669
5669,5752,5753,5670
5670,5753,5754,5671
5671,5754,5755,5672
5672,5755,5756,5673
5673,5756,5757,5674
5674,5757,5758,5675
5675,5758,5759,5676
5676,5759,5760,5677
5677,5760,5761,5678
5678,5761,5762,5679
5679,5762,5763,5680
5680,5763,5764,5681
5681,5764,5765,5682
5682,5765,5766,5683
5683,5766,5767,5684
5684,5767,5768,5685
5685,5768,5769,5686
5686,5769,5770,5687
5687,5770,5771,5688
5688,5771,5772,5689
5689,5772,5773,5690
5690,5773,5774,5691
5691,5774,5775,5692
5692,5775,5776,5693
5693,5776,5777,5694
5694,5777,5778,5695
5695,5778,5779,5696
5696,5779,5780,5697
5697,5780,5781,5698
5698,5781,691,692
90,91,5782,5699
5699,5782,5783,5700
5700,5783,5784,5701
5701,5784,5785,5702
5702,5785,5786,5703
5703,5786,5787,5704
5704,5787,5788,5705
5705,5788,5789,5706
5706,5789,5790,5707
5707,5790,5791,5708
5708,5791,5792,5709
5709,5792,5793,5710
5710,5793,5794,5711
5711,5794,5795,5712
5712,5795,5796,5713
5713,5796,5797,5714
5714,5797,5798,5715
5715,5798,5799,5716
5716,5799,5800,5717
5717,5800,5801,5718
5718,5801,5802,5719
5719,5802,5803,5720
5720,5803,5804,5721
5721,5804,5805,5722
5722,5805,5806,5723
5723,5806,5807,5724
5724,5807,5808,5725
5725,5808,5809,5726
5726,5809,5810,5727
5727,5810,5811,5728
5728,5811,5812,5729
5729,5812,5813,5730
5730,5813,5814,5731
5731,5814,5815,5732
5732,5815,5816,5733
5733,5816,5817,5734
5734,5817,5818,5735
5735,5818,5819,5736
5736,5819,5820,5737
5737,5820,5821,5738
5738,5821,5822,5739
5739,5822,5823,5740
5740,5823,5824,5741
5741,5824,5825,5742
5742,5825,5826,5743
5743,5826,5827,5744
5744,5827,5828,5745
5745,5828,5829,5746
5746,5829,5830,5747
5747,5830,5831,5748
5748,5831,5832,5749
5749,5832,5833,5750
5750,5833,5834,5751
5751,5834,5835,5752
5752,5835,5836,5753
5753,5836,5837,5754
5754,5837,5838,5755
5755,5838,5839,5756
5756,5839,5840,5757
5757,5840,5841,5758
5758,5841,5842,5759
5759,5842,5843,5760
5760,5843,5844,5761
5761,5844,5845,5762
5762,5845,5846,5763
5763,5846,5847,5764
5764,5847,5848,5765
5765,5848,5849,5766
5766,5849,5850,5767
5767,5850,5851,5768
5768,5851,5852,5769
5769,5852,5853,5770
5770,5853,5854,5771
5771,5854,5855,5772
5772,5855,5856,5773
5773,5856,5857,5774
5774,5857,5858,5775
5775,5858,5859,5776
5776,5859,5860,5777
5777,5860,5861,5778
5778,5861,5862,5779
5779,5862,5863,5780
5780,5863,5864,5781
5781,5864,690,691
91,92,5865,5782
5782,5865,5866,5783
5783,5866,5867,5784
5784,5867,5868,5785
5785,5868,5869,5786
5786,5869,5870,5787
5787,5870,5871,5788
5788,5871,5872,5789
5789,5872,5873,5790
5790,5873,5874,5791
5791,5874,5875,5792
5792,5875,5876,5793
5793,5876,5877,5794
5794,5877,5878,5795
5795,5878,5879,5796
5796,5879,5880,5797
5797,5880,5881,5798
5798,5881,5882,5799
5799,5882,5883,5800
5800,5883,5884,5801
5801,5884,5885,5802
5802,5885,5886,5803
5803,5886,5887,5804
5804,5887,5888,5805
5805,5888,5889,5806
5806,5889,5890,5807
5807,5890,5891,5808
5808,5891,5892,5809
5809,5892,5893,5810
5810,5893,5894,5811
5811,5894,5895,5812
5812,5895,5896,5813
5813,5896,5897,5814
5814,5897,5898,5815
5815,5898,5899,5816
5816,5899,5900,5817
5817,5900,5901,5818
5818,5901,5902,5819
5819,5902,5903,5820
5820,5903,5904,5821
5821,5904,5905,5822
5822,5905,5906,5823
5823,5906,5907,5824
5824,5907,5908,5825
5825,5908,5909,5826
5826,5909,5910,5827
5827,5910,5911,5828
5828,5911,5912,5829
5829,5912,5913,5830
5830,5913,5914,5831
5831,5914,5915,5832
5832,5915,5916,5833
5833,5916,5917,5834
5834,5917,5918,5835
5835,5918,5919,5836
5836,5919,5920,5837
5837,5920,5921,5838
5838,5921,5922,5839
5839,5922,5923,5840
5840,5923,5924,5841
5841,5924,5925,5842
5842,5925,5926,5843
5843,5926,5927,5844
5844,5927,5928,5845
5845,5928,5929,5846
5846,5929,5930,5847
5847,5930,5931,5848
5848,5931,5932,5849
5849,5932,5933,5850
5850,5933,5934,5851
5851,5934,5935,5852
5852,5935,5936,5853
5853,5936,5937,5854
5854,5937,5938,5855
5855,5938,5939,5856
5856,5939,5940,5857
5857,5940,5941,5858
5858,5941,5942,5859
5859,5942,5943,5860
5860,5943,5944,5861
5861,5944,5945,5862
5862,5945,5946,5863
5863,5946,5947,5864
5864,5947,689,690
92,93,5948,5865
5865,5948,5949,5866
5866,5949,5950,5867
5867,5950,5951,5868
5868,5951,5952,5869
5869,5952,5953,5870
5870,5953,5954,5871
5871,5954,5955,5872
5872,5955,5956,5873
5873,5956,5957,5874
5874,5957,5958,5875
5875,5958,5959,5876
5876,5959,5960,5877
5877,5960,5961,5878
5878,5961,5962,5879
5879,5962,5963,5880
5880,5963,5964,5881
5881,5964,5965,5882
5882,5965,5966,5883
5883,5966,5967,5884
5884,5967,5968,5885
5885,5968,5969,5886
5886,5969,5970,5887
5887,5970,5971,5888
5888,5971,5972,5889
5889,5972,5973,5890
5890,5973,5974,5891
5891,5974,5975,5892
5892,5975,5976,5893
5893,5976,5977,5894
5894,5977,5978,5895
5895,5978,5979,5896
5896,5979,5980,5897
5897,5980,5981,5898
5898,5981,5982,5899
5899,5982,5983,5900
5900,5983,5984,5901
5901,5984,5985,5902
5902,5985,5986,5903
5903,5986,5987,5904
5904,5987,5988,5905
5905,5988,5989,5906
5906,5989,5990,5907
5907,5990,5991,5908
5908,5991,5992,5909
5909,5992,5993,5910
5910,5993,5994,5911
5911,5994,5995,5912
5912,5995,5996,5913
5913,5996,5997,5914
5914,5997,5998,5915
5915,5998,5999,5916
5916,5999,6000,5917
5917,6000,6001,5918
5918,6001,6002,5919
5919,6002,6003,5920
5920,6003,6004,5921
5921,6004,6005,5922
5922,6005,6006,5923
5923,6006,6007,5924
5924,6007,6008,5925
5925,6008,6009,5926
5926,6009,6010,5927
5927,6010,6011,5928
5928,6011,6012,5929
5929,6012,6013,5930
5930,6013,6014,5931
5931,6014,6015,5932
5932,6015,6016,5933
5933,6016,6017,5934
5934,6017,6018,5935
5935,6018,6019,5936
5936,6019,6020,5937
5937,6020,6021,5938
5938,6021,6022,5939
5939,6022,6023,5940
5940,6023,6024,5941
5941,6024,6025,5942
5942,6025,6026,5943
5943,6026,6027,5944
5944,6027,6028,5945
5945,6028,6029,5946
5946,6029,6030,5947
5947,6030,688,689
93,94,6031,5948
5948,6031,6032,5949
5949,6032,6033,5950
5950,6033,6034,5951
5951,6034,6035,5952
5952,6035,6036,5953
5953,6036,6037,5954
5954,6037,6038,5955
5955,6038,6039,5956
5956,6039,6040,5957
5957,6040,6041,5958
5958,6041,6042,5959
5959,6042,6043,5960
5960,6043,6044,5961
5961,6044,6045,5962
5962,6045,6046,5963
5963,6046,6047,5964
5964,6047,6048,5965
5965,6048,6049,5966
5966,6049,6050,5967
5967,6050,6051,5968
5968,6051,6052,5969
5969,6052,6053,5970
5970,6053,6054,5971
5971,6054,6055,5972
5972,6055,6056,5973
5973,6056,6057,5974
5974,6057,6058,5975
5975,6058,6059,5976
5976,6059,6060,5977
5977,6060,6061,5978
5978,6061,6062,5979
5979,6062,6063,5980
5980,6063,6064,5981
5981,6064,6065,5982
5982,6065,6066,5983
5983,6066,6067,5984
5984,6067,6068,5985
5985,6068,6069,5986
5986,6069,6070,5987
5987,6070,6071,5988
5988,6071,6072,5989
5989,6072,6073,5990
5990,6073,6074,5991
5991,6074,6075,5992
5992,6075,6076,5993
5993,6076,6077,5994
5994,6077,6078,5995
5995,6078,6079,5996
5996,6079,6080,5997
5997,6080,6081,5998
5998,6081,6082,5999
5999,6082,6083,6000
6000,6083,6084,6001
6001,6084,6085,6002
6002,6085,6086,6003
6003,6086,6087,6004
6004,6087,6088,6005
6005,6088,6089,6006
6006,6089,6090,6007
6007,6090,6091,6008
6008,6091,6092,6009
6009,6092,6093,6010
6010,6093,6094,6011
6011,6094,6095,6012
6012,6095,6096,6013
6013,6096,6097,6014
6014,6097,6098,6015
6015,6098,6099,6016
6016,6099,6100,6017
6017,6100,6101,6018
6018,6101,6102,6019
6019,6102,6103,6020
6020,6103,6104,6021
6021,6104,6105,6022
6022,6105,6106,6023
6023,6106,6107,6024
6024,6107,6108,6025
6025,6108,6109,6026
6026,6109,6110,6027
6027,6110,6111,6028
6028,6111,6112,6029
6029,6112,6113,6030
6030,6113,687,688
94,95,6114,6031
6031,6114,6115,6032
6032,6115,6116,6033
6033,6116,6117,6034
6034,6117,6118,6035
6035,6118,6119,6036
6036,6119,6120,6037
6037,6120,6121,6038
6038,6121,6122,6039
6039,6122,6123,6040
6040,6123,6124,6041
6041,6124,6125,6042
6042,6125,6126,6043
6043,6126,6127,6044
6044,6127,6128,6045
6045,6128,6129,6046
6046,6129,6130,6047
6047,6130,6131,6048
6048,6131,6132,6049
6049,6132,6133,6050
6050,6133,6134,6051
6051,6134,6135,6052
6052,6135,6136,6053
6053,6136,6137,6054
6054,6137,6138,6055
6055,6138,6139,6056
6056,6139,6140,6057
6057,6140,6141,6058
6058,6141,6142,6059
6059,6142,6143,6060
6060,6143,6144,6061
6061,6144,6145,6062
6062,6145,6146,6063
6063,6146,6147,6064
6064,6147,6148,6065
6065,6148,6149,6066
6066,6149,6150,6067
6067,6150,6151,6068
6068,6151,6152,6069
6069,6152,6153,6070
6070,6153,6154,6071
6071,6154,6155,6072
6072,6155,6156,6073
6073,6156,6157,6074
6074,6157,6158,6075
6075,6158,6159,6076
6076,6159,6160,6077
6077,6160,6161,6078
6078,6161,6162,6079
6079,6162,6163,6080
6080,6163,6164,6081
6081,6164,6165,6082
6082,6165,6166,6083
6083,6166,6167,6084
6084,6167,6168,6085
6085,6168,6169,6086
6086,6169,6170,6087
6087,6170,6171,6088
6088,6171,6172,6089
6089,6172,6173,6090
6090,6173,6174,6091
6091,6174,6175,6092
6092,6175,6176,6093
6093,6176,6177,6094
6094,6177,6178,6095
6095,6178,6179,6096
6096,6179,6180,6097
6097,6180,6181,6098
6098,6181,6182,6099
6099,6182,6183,6100
6100,6183,6184,6101
6101,6184,6185,6102
6102,6185,6186,6103
6103,6186,6187,6104
6104,6187,6188,6105
6105,6188,6189,6106
6106,6189,6190,6107
6107,6190,6191,6108
6108,6191,6192,6109
6109,6192,6193,6110
6110,6193,6194,6111
6111,6194,6195,6112
6112,6195,6196,6113
6113,6196,686,687
95,96,6197,6114
6114,6197,6198,6115
6115,6198,6199,6116
6116,6199,6200,6117
6117,6200,6201,6118
6118,6201,6202,6119
6119,6202,6203,6120
6120,6203,6204,6121
6121,6204,6205,6122
6122,6205,6206,6123
6123,6206,6207,6124
6124,6207,6208,6125
6125,6208,6209,6126
6126,6209,6210,6127
6127,6210,6211,6128
6128,6211,6212,6129
6129,6212,6213,6130
6130,6213,6214,6131
6131,6214,6215,6132
6132,6215,6216,6133
6133,6216,6217,6134
6134,6217,6218,6135
6135,6218,6219,6136
6136,6219,6220,6137
6137,6220,6221,6138
6138,6221,6222,6139
6139,6222,6223,6140
6140,6223,6224,6141
6141,6224,6225,6142
6142,6225,6226,6143
6143,6226,6227,6144
6144,6227,6228,6145
6145,6228,6229,6146
6146,6229,6230,6147
6147,6230,6231,6148
6148,6231,6232,6149
6149,6232,6233,6150
6150,6233,6234,6151
6151,6234,6235,6152
6152,6235,6236,6153
6153,6236,6237,6154
6154,6237,6238,6155
6155,6238,6239,6156
6156,6239,6240,6157
6157,6240,6241,6158
6158,6241,6242,6159
6159,6242,6243,6160
6160,6243,6244,6161
6161,6244,6245,6162
6162,6245,6246,6163
6163,6246,6247,6164
6164,6247,6248,6165
6165,6248,6249,6166
6166,6249,6250,6167
6167,6250,6251,6168
6168,6251,6252,6169
6169,6252,6253,6170
6170,6253,6254,6171
6171,6254,6255,6172
6172,6255,6256,6173
6173,6256,6257,6174
6174,6257,6258,6175
6175,6258,6259,6176
6176,6259,6260,6177
6177,6260,6261,6178
6178,6261,6262,6179
6179,6262,6263,6180
6180,6263,6264,6181
6181,6264,6265,6182
6182,6265,6266,6183
6183,6266,6267,6184
6184,6267,6268,6185
6185,6268,6269,6186
6186,6269,6270,6187
6187,6270,6271,6188
6188,6271,6272,6189
6189,6272,6273,6190
6190,6273,6274,6191
6191,6274,6275,6192
6192,6275,6276,6193
6193,6276,6277,6194
6194,6277,6278,6195
6195,6278,6279,6196
6196,6279,685,686
96,97,6280,6197
6197,6280,6281,6198
6198,6281,6282,6199
6199,6282,6283,6200
6200,6283,6284,6201
6201,6284,6285,6202
6202,6285,6286,6203
6203,6286,6287,6204
6204,6287,6288,6205
6205,6288,6289,6206
6206,6289,6290,6207
6207,6290,6291,6208
6208,6291,6292,6209
6209,6292,6293,6210
6210,6293,6294,6211
6211,6294,6295,6212
6212,6295,6296,6213
6213,6296,6297,6214
6214,6297,6298,6215
6215,6298,6299,6216
6216,6299,6300,6217
6217,6300,6301,6218
6218,6301,6302,6219
6219,6302,6303,6220
6220,6303,6304,6221
6221,6304,6305,6222
6222,6305,6306,6223
6223,6306,6307,6224
6224,6307,6308,6225
6225,6308,6309,6226
6226,6309,6310,6227
6227,6310,6311,6228
6228,6311,6312,6229
6229,6312,6313,6230
6230,6313,6314,6231
6231,6314,6315,6232
6232,6315,6316,6233
6233,6316,6317,6234
6234,6317,6318,6235
6235,6318,6319,6236
6236,6319,6320,6237
6237,6320,6321,6238
6238,6321,6322,6239
6239,6322,6323,6240
6240,6323,6324,6241
6241,6324,6325,6242
6242,6325,6326,6243
6243,6326,6327,6244
6244,6327,6328,6245
6245,6328,6329,6246
6246,6329,6330,6247
6247,6330,6331,6248
6248,6331,6332,6249
6249,6332,6333,6250
6250,6333,6334,6251
6251,6334,6335,6252
6252,6335,6336,6253
6253,6336,6337,6254
6254,6337,6338,6255
6255,6338,6339,6256
6256,6339,6340,6257
6257,6340,6341,6258
6258,6341,6342,6259
6259,6342,6343,6260
6260,6343,6344,6261
6261,6344,6345,6262
6262,6345,6346,6263
6263,6346,6347,6264
6264,6347,6348,6265
6265,6348,6349,6266
6266,6349,6350,6267
6267,6350,6351,6268
6268,6351,6352,6269
6269,6352,6353,6270
6270,6353,6354,6271
6271,6354,6355,6272
6272,6355,6356,6273
6273,6356,6357,6274
6274,6357,6358,6275
6275,6358,6359,6276
6276,6359,6360,6277
6277,6360,6361,6278
6278,6361,6362,6279
6279,6362,684,685
97,98,6363,6280
6280,6363,6364,6281
6281,6364,6365,6282
6282,6365,6366,6283
6283,6366,6367,6284
6284,6367,6368,6285
6285,6368,6369,6286
6286,6369,6370,6287
6287,6370,6371,6288
6288,6371,6372,6289
6289,6372,6373,6290
6290,6373,6374,6291
6291,6374,6375,6292
6292,6375,6376,6293
6293,6376,6377,6294
6294,6377,6378,6295
6295,6378,6379,6296
6296,6379,6380,6297
6297,6380,6381,6298
6298,6381,6382,6299
6299,6382,6383,6300
6300,6383,6384,6301
6301,6384,6385,6302
6302,6385,6386,6303
6303,6386,6387,6304
6304,6387,6388,6305
6305,6388,6389,6306
6306,6389,6390,6307
6307,6390,6391,6308
6308,6391,6392,6309
6309,6392,6393,6310
6310,6393,6394,6311
6311,6394,6395,6312
6312,6395,6396,6313
6313,6396,6397,6314
6314,6397,6398,6315
6315,6398,6399,6316
6316,6399,6400,6317
6317,6400,6401,6318
6318,6401,6402,6319
6319,6402,6403,6320
6320,6403,6404,6321
6321,6404,6405,6322
6322,6405,6406,6323
6323,6406,6407,6324
6324,6407,6408,6325
6325,6408,6409,6326
6326,6409,6410,6327
6327,6410,6411,6328
6328,6411,6412,6329
6329,6412,6413,6330
6330,6413,6414,6331
6331,6414,6415,6332
6332,6415,6416,6333
6333,6416,6417,6334
6334,6417,6418,6335
6335,6418,6419,6336
6336,6419,6420,6337
6337,6420,6421,6338
6338,6421,6422,6339
6339,6422,6423,6340
6340,6423,6424,6341
6341,6424,6425,6342
6342,6425,6426,6343
6343,6426,6427,6344
6344,6427,6428,6345
6345,6428,6429,6346
6346,6429,6430,6347
6347,6430,6431,6348
6348,6431,6432,6349
6349,6432,6433,6350
6350,6433,6434,6351
6351,6434,6435,6352
6352,6435,6436,6353
6353,6436,6437,6354
6354,6437,6438,6355
6355,6438,6439,6356
6356,6439,6440,6357
6357,6440,6441,6358
6358,6441,6442,6359
6359,6442,6443,6360
6360,6443,6444,6361
6361,6444,6445,6362
6362,6445,683,684
98,99,6446,6363
6363,6446,6447,6364
6364,6447,6448,6365
6365,6448,6449,6366
6366,6449,6450,6367
6367,6450,6451,6368
6368,6451,6452,6369
6369,6452,6453,6370
6370,6453,6454,6371
6371,6454,6455,6372
6372,6455,6456,6373
6373,6456,6457,6374
6374,6457,6458,6375
6375,6458,6459,6376
6376,6459,6460,6377
6377,6460,6461,6378
6378,6461,6462,6379
6379,6462,6463,6380
6380,6463,6464,6381
6381,6464,6465,6382
6382,6465,6466,6383
6383,6466,6467,6384
6384,6467,6468,6385
6385,6468,6469,6386
6386,6469,6470,6387
6387,6470,6471,6388
6388,6471,6472,6389
6389,6472,6473,6390
6390,6473,6474,6391
6391,6474,6475,6392
6392,6475,6476,6393
6393,6476,6477,6394
6394,6477,6478,6395
6395,6478,6479,6396
6396,6479,6480,6397
6397,6480,6481,6398
6398,6481,6482,6399
6399,6482,6483,6400
6400,6483,6484,6401
6401,6484,6485,6402
6402,6485,6486,6403
6403,6486,6487,6404
6404,6487,6488,6405
6405,6488,6489,6406
6406,6489,6490,6407
6407,6490,6491,6408
6408,6491,6492,6409
6409,6492,6493,6410
6410,6493,6494,6411
6411,6494,6495,6412
6412,6495,6496,6413
6413,6496,6497,6414
6414,6497,6498,6415
6415,6498,6499,6416
6416,6499,6500,6417
6417,6500,6501,6418
6418,6501,6502,6419
6419,6502,6503,6420
6420,6503,6504,6421
6421,6504,6505,6422
6422,6505,6506,6423
6423,6506,6507,6424
6424,6507,6508,6425
6425,6508,6509,6426
6426,6509,6510,6427
6427,6510,6511,6428
6428,6511,6512,6429
6429,6512,6513,6430
6430,6513,6514,6431
6431,6514,6515,6432
6432,6515,6516,6433
6433,6516,6517,6434
6434,6517,6518,6435
6435,6518,6519,6436
6436,6519,6520,6437
6437,6520,6521,6438
6438,6521,6522,6439
6439,6522,6523,6440
6440,6523,6524,6441
6441,6524,6525,6442
6442,6525,6526,6443
6443,6526,6527,6444
6444,6527,6528,6445
6445,6528,682,683
99,100,6529,6446
6446,6529,6530,6447
6447,6530,6531,6448
6448,6531,6532,6449
6449,6532,6533,6450
6450,6533,6534,6451
6451,6534,6535,6452
6452,6535,6536,6453
6453,6536,6537,6454
6454,6537,6538,6455
6455,6538,6539,6456
6456,6539,6540,6457
6457,6540,6541,6458
6458,6541,6542,6459
6459,6542,6543,6460
6460,6543,6544,6461
6461,6544,6545,6462
6462,6545,6546,6463
6463,6546,6547,6464
6464,6547,6548,6465
6465,6548,6549,6466
6466,6549,6550,6467
6467,6550,6551,6468
6468,6551,6552,6469
6469,6552,6553,6470
6470,6553,6554,6471
6471,6554,6555,6472
6472,6555,6556,6473
6473,6556,6557,6474
6474,6557,6558,6475
6475,6558,6559,6476
6476,6559,6560,6477
6477,6560,6561,6478
6478,6561,6562,6479
6479,6562,6563,6480
6480,6563,6564,6481
6481,6564,6565,6482
6482,6565,6566,6483
6483,6566,6567,6484
6484,6567,6568,6485
6485,6568,6569,6486
6486,6569,6570,6487
6487,6570,6571,6488
6488,6571,6572,6489
6489,6572,6573,6490
6490,6573,6574,6491
6491,6574,6575,6492
6492,6575,6576,6493
6493,6576,6577,6494
6494,6577,6578,6495
6495,6578,6579,6496
6496,6579,6580,6497
6497,6580,6581,6498
6498,6581,6582,6499
6499,6582,6583,6500
6500,6583,6584,6501
6501,6584,6585,6502
6502,6585,6586,6503
6503,6586,6587,6504
6504,6587,6588,6505
6505,6588,6589,6506
6506,6589,6590,6507
6507,6590,6591,6508
6508,6591,6592,6509
6509,6592,6593,6510
6510,6593,6594,6511
6511,6594,6595,6512
6512,6595,6596,6513
6513,6596,6597,6514
6514,6597,6598,6515
6515,6598,6599,6516
6516,6599,6600,6517
6517,6600,6601,6518
6518,6601,6602,6519
6519,6602,6603,6520
6520,6603,6604,6521
6521,6604,6605,6522
6522,6605,6606,6523
6523,6606,6607,6524
6524,6607,6608,6525
6525,6608,6609,6526
6526,6609,6610,6527
6527,6610,6611,6528
6528,6611,681,682
100,101,6612,6529
6529,6612,6613,6530
6530,6613,6614,6531
6531,6614,6615,6532
6532,6615,6616,6533
6533,6616,6617,6534
6534,6617,6618,6535
6535,6618,6619,6536
6536,6619,6620,6537
6537,6620,6621,6538
6538,6621,6622,6539
6539,6622,6623,6540
6540,6623,6624,6541
6541,6624,6625,6542
6542,6625,6626,6543
6543,6626,6627,6544
6544,6627,6628,6545
6545,6628,6629,6546
6546,6629,6630,6547
6547,6630,6631,6548
6548,6631,6632,6549
6549,6632,6633,6550
6550,6633,6634,6551
6551,6634,6635,6552
6552,6635,6636,6553
6553,6636,6637,6554
6554,6637,6638,6555
6555,6638,6639,6556
6556,6639,6640,6557
6557,6640,6641,6558
6558,6641,6642,6559
6559,6642,6643,6560
6560,6643,6644,6561
6561,6644,6645,6562
6562,6645,6646,6563
6563,6646,6647,6564
6564,6647,6648,6565
6565,6648,6649,6566
6566,6649,6650,6567
6567,6650,6651,6568
6568,6651,6652,6569
6569,6652,6653,6570
6570,6653,6654,6571
6571,6654,6655,6572
6572,6655,6656,6573
6573,6656,6657,6574
6574,6657,6658,6575
6575,6658,6659,6576
6576,6659,6660,6577
6577,6660,6661,6578
6578,6661,6662,6579
6579,6662,6663,6580
6580,6663,6664,6581
6581,6664,6665,6582
6582,6665,6666,6583
6583,6666,6667,6584
6584,6667,6668,6585
6585,6668,6669,6586
6586,6669,6670,6587
6587,6670,6671,6588
6588,6671,6672,6589
6589,6672,6673,6590
6590,6673,6674,6591
6591,6674,6675,6592
6592,6675,6676,6593
6593,6676,6677,6594
6594,6677,6678,6595
6595,6678,6679,6596
6596,6679,6680,6597
6597,6680,6681,6598
6598,6681,6682,6599
6599,6682,6683,6600
6600,6683,6684,6601
6601,6684,6685,6602
6602,6685,6686,6603
6603,6686,6687,6604
6604,6687,6688,6605
6605,6688,6689,6606
6606,6689,6690,6607
6607,6690,6691,6608
6608,6691,6692,6609
6609,6692,6693,6610
6610,6693,6694,6611
6611,6694,680,681
101,102,6695,6612
6612,6695,6696,6613
6613,6696,6697,6614
6614,6697,6698,6615
6615,6698,6699,6616
6616,6699,6700,6617
6617,6700,6701,6618
6618,6701,6702,6619
6619,6702,6703,6620
6620,6703,6704,6621
6621,6704,6705,6622
6622,6705,6706,6623
6623,6706,6707,6624
6624,6707,6708,6625
6625,6708,6709,6626
6626,6709,6710,6627
6627,6710,6711,6628
6628,6711,6712,6629
6629,6712,6713,6630
6630,6713,6714,6631
6631,6714,6715,6632
6632,6715,6716,6633
6633,6716,6717,6634
6634,6717,6718,6635
6635,6718,6719,6636
6636,6719,6720,6637
6637,6720,6721,6638
6638,6721,6722,6639
6639,6722,6723,6640
6640,6723,6724,6641
6641,6724,6725,6642
6642,6725,6726,6643
6643,6726,6727,6644
6644,6727,6728,6645
6645,6728,6729,6646
6646,6729,6730,6647
6647,6730,6731,6648
6648,6731,6732,6649
6649,6732,6733,6650
6650,6733,6734,6651
6651,6734,6735,6652
6652,6735,6736,6653
6653,6736,6737,6654
6654,6737,6738,6655
6655,6738,6739,6656
6656,6739,6740,6657
6657,6740,6741,6658
6658,6741,6742,6659
6659,6742,6743,6660
6660,6743,6744,6661
6661,6744,6745,6662
6662,6745,6746,6663
6663,6746,6747,6664
6664,6747,6748,6665
6665,6748,6749,6666
6666,6749,6750,6667
6667,6750,6751,6668
6668,6751,6752,6669
6669,6752,6753,6670
6670,6753,6754,6671
6671,6754,6755,6672
6672,6755,6756,6673
6673,6756,6757,6674
6674,6757,6758,6675
6675,6758,6759,6676
6676,6759,6760,6677
6677,6760,6761,6678
6678,6761,6762,6679
6679,6762,6763,6680
6680,6763,6764,6681
6681,6764,6765,6682
6682,6765,6766,6683
6683,6766,6767,6684
6684,6767,6768,6685
6685,6768,6769,6686
6686,6769,6770,6687
6687,6770,6771,6688
6688,6771,6772,6689
6689,6772,6773,6690
6690,6773,6774,6691
6691,6774,6775,6692
6692,6775,6776,6693
6693,6776,6777,6694
6694,6777,679,680
102,103,6778,6695
6695,6778,6779,6696
6696,6779,6780,6697
6697,6780,6781,6698
6698,6781,6782,6699
6699,6782,6783,6700
6700,6783,6784,6701
6701,6784,6785,6702
6702,6785,6786,6703
6703,6786,6787,6704
6704,6787,6788,6705
6705,6788,6789,6706
6706,6789,6790,6707
6707,6790,6791,6708
6708,6791,6792,6709
6709,6792,6793,6710
6710,6793,6794,6711
6711,6794,6795,6712
6712,6795,6796,6713
6713,6796,6797,6714
6714,6797,6798,6715
6715,6798,6799,6716
6716,6799,6800,6717
6717,6800,6801,6718
6718,6801,6802,6719
6719,6802,6803,6720
6720,6803,6804,6721
6721,6804,6805,6722
6722,6805,6806,6723
6723,6806,6807,6724
6724,6807,6808,6725
6725,6808,6809,6726
6726,6809,6810,6727
6727,6810,6811,6728
6728,6811,6812,6729
6729,6812,6813,6730
6730,6813,6814,6731
6731,6814,6815,6732
6732,6815,6816,6733
6733,6816,6817,6734
6734,6817,6818,6735
6735,6818,6819,6736
6736,6819,6820,6737
6737,6820,6821,6738
6738,6821,6822,6739
6739,6822,6823,6740
6740,6823,6824,6741
6741,6824,6825,6742
6742,6825,6826,6743
6743,6826,6827,6744
6744,6827,6828,6745
6745,6828,6829,6746
6746,6829,6830,6747
6747,6830,6831,6748
6748,6831,6832,6749
6749,6832,6833,6750
6750,6833,6834,6751
6751,6834,6835,6752
6752,6835,6836,6753
6753,6836,6837,6754
6754,6837,6838,6755
6755,6838,6839,6756
6756,6839,6840,6757
6757,6840,6841,6758
6758,6841,6842,6759
6759,6842,6843,6760
6760,6843,6844,6761
6761,6844,6845,6762
6762,6845,6846,6763
6763,6846,6847,6764
6764,6847,6848,6765
6765,6848,6849,6766
6766,6849,6850,6767
6767,6850,6851,6768
6768,6851,6852,6769
6769,6852,6853,6770
6770,6853,6854,6771
6771,6854,6855,6772
6772,6855,6856,6773
6773,6856,6857,6774
6774,6857,6858,6775
6775,6858,6859,6776
6776,6859,6860,6777
6777,6860,678,679
103,104,6861,6778
6778,6861,6862,6779
6779,6862,6863,6780
6780,6863,6864,6781
6781,6864,6865,6782
6782,6865,6866,6783
6783,6866,6867,6784
6784,6867,6868,6785
6785,6868,6869,6786
6786,6869,6870,6787
6787,6870,6871,6788
6788,6871,6872,6789
6789,6872,6873,6790
6790,6873,6874,6791
6791,6874,6875,6792
6792,6875,6876,6793
6793,6876,6877,6794
6794,6877,6878,6795
6795,6878,6879,6796
6796,6879,6880,6797
6797,6880,6881,6798
6798,6881,6882,6799
6799,6882,6883,6800
6800,6883,6884,6801
6801,6884,6885,6802
6802,6885,6886,6803
6803,6886,6887,6804
6804,6887,6888,6805
6805,6888,6889,6806
6806,6889,6890,6807
6807,6890,6891,6808
6808,6891,6892,6809
6809,6892,6893,6810
6810,6893,6894,6811
6811,6894,6895,6812
6812,6895,6896,6813
6813,6896,6897,6814
6814,6897,6898,6815
6815,6898,6899,6816
6816,6899,6900,6817
6817,6900,6901,6818
6818,6901,6902,6819
6819,6902,6903,6820
6820,6903,6904,6821
6821,6904,6905,6822
6822,6905,6906,6823
6823,6906,6907,6824
6824,6907,6908,6825
6825,6908,6909,6826
6826,6909,6910,6827
6827,6910,6911,6828
6828,6911,6912,6829
6829,6912,6913,6830
6830,6913,6914,6831
6831,6914,6915,6832
6832,6915,6916,6833
6833,6916,6917,6834
6834,6917,6918,6835
6835,6918,6919,6836
6836,6919,6920,6837
6837,6920,6921,6838
6838,6921,6922,6839
6839,6922,6923,6840
6840,6923,6924,6841
6841,6924,6925,6842
6842,6925,6926,6843
6843,6926,6927,6844
6844,6927,6928,6845
6845,6928,6929,6846
6846,6929,6930,6847
6847,6930,6931,6848
6848,6931,6932,6849
6849,6932,6933,6850
6850,6933,6934,6851
6851,6934,6935,6852
6852,6935,6936,6853
6853,6936,6937,6854
6854,6937,6938,6855
6855,6938,6939,6856
6856,6939,6940,6857
6857,6940,6941,6858
6858,6941,6942,6859
6859,6942,6943,6860
6860,6943,677,678
104,105,6944,6861
6861,6944,6945,6862
6862,6945,6946,6863
6863,6946,6947,6864
6864,6947,6948,6865
6865,6948,6949,6866
6866,6949,6950,6867
6867,6950,6951,6868
6868,6951,6952,6869
6869,6952,6953,6870
6870,6953,6954,6871
6871,6954,6955,6872
6872,6955,6956,6873
6873,6956,6957,6874
6874,6957,6958,6875
6875,6958,6959,6876
6876,6959,6960,6877
6877,6960,6961,6878
6878,6961,6962,6879
6879,6962,6963,6880
6880,6963,6964,6881
6881,6964,6965,6882
6882,6965,6966,6883
6883,6966,6967,6884
6884,6967,6968,6885
6885,6968,6969,6886
6886,6969,6970,6887
6887,6970,6971,6888
6888,6971,6972,6889
6889,6972,6973,6890
6890,6973,6974,6891
6891,6974,6975,6892
6892,6975,6976,6893
6893,6976,6977,6894
6894,6977,6978,6895
6895,6978,6979,6896
6896,6979,6980,6897
6897,6980,6981,6898
6898,6981,6982,6899
6899,6982,6983,6900
6900,6983,6984,6901
6901,6984,6985,6902
6902,6985,6986,6903
6903,6986,6987,6904
6904,6987,6988,6905
6905,6988,6989,6906
6906,6989,6990,6907
6907,6990,6991,6908
6908,6991,6992,6909
6909,6992,6993,6910
6910,6993,6994,6911
6911,6994,6995,6912
6912,6995,6996,6913
6913,6996,6997,6914
6914,6997,6998,6915
6915,6998,6999,6916
6916,6999,7000,6917
6917,7000,7001,6918
6918,7001,7002,6919
6919,7002,7003,6920
6920,7003,7004,6921
6921,7004,7005,6922
6922,7005,7006,6923
6923,7006,7007,6924
6924,7007,7008,6925
6925,7008,7009,6926
6926,7009,7010,6927
6927,7010,7011,6928
6928,7011,7012,6929
6929,7012,7013,6930
6930,7013,7014,6931
6931,7014,7015,6932
6932,7015,7016,6933
6933,7016,7017,6934
6934,7017,7018,6935
6935,7018,7019,6936
6936,7019,7020,6937
6937,7020,7021,6938
6938,7021,7022,6939
6939,7022,7023,6940
6940,7023,7024,6941
6941,7024,7025,6942
6942,7025,7026,6943
6943,7026,676,677
105,106,7027,6944
6944,7027,7028,6945
6945,7028,7029,6946
6946,7029,7030,6947
6947,7030,7031,6948
6948,7031,7032,6949
6949,7032,7033,6950
6950,7033,7034,6951
6951,7034,7035,6952
6952,7035,7036,6953
6953,7036,7037,6954
6954,7037,7038,6955
6955,7038,7039,6956
6956,7039,7040,6957
6957,7040,7041,6958
6958,7041,7042,6959
6959,7042,7043,6960
6960,7043,7044,6961
6961,7044,7045,6962
6962,7045,7046,6963
6963,7046,7047,6964
6964,7047,7048,6965
6965,7048,7049,6966
6966,7049,7050,6967
6967,7050,7051,6968
6968,7051,7052,6969
6969,7052,7053,6970
6970,7053,7054,6971
6971,7054,7055,6972
6972,7055,7056,6973
6973,7056,7057,6974
6974,7057,7058,6975
6975,7058,7059,6976
6976,7059,7060,6977
6977,7060,7061,6978
6978,7061,7062,6979
6979,7062,7063,6980
6980,7063,7064,6981
6981,7064,7065,6982
6982,7065,7066,6983
6983,7066,7067,6984
6984,7067,7068,6985
6985,7068,7069,6986
6986,7069,7070,6987
6987,7070,7071,6988
6988,7071,7072,6989
6989,7072,7073,6990
6990,7073,7074,6991
6991,7074,7075,6992
6992,7075,7076,6993
6993,7076,7077,6994
6994,7077,7078,6995
6995,7078,7079,6996
6996,7079,7080,6997
6997,7080,7081,6998
6998,7081,7082,6999
6999,7082,7083,7000
7000,7083,7084,7001
7001,7084,7085,7002
7002,7085,7086,7003
7003,7086,7087,7004
7004,7087,7088,7005
7005,7088,7089,7006
7006,7089,7090,7007
7007,7090,7091,7008
7008,7091,7092,7009
7009,7092,7093,7010
7010,7093,7094,7011
7011,7094,7095,7012
7012,7095,7096,7013
7013,7096,7097,7014
7014,7097,7098,7015
7015,7098,7099,7016
7016,7099,7100,7017
7017,7100,7101,7018
7018,7101,7102,7019
7019,7102,7103,7020
7020,7103,7104,7021
7021,7104,7105,7022
7022,7105,7106,7023
7023,7106,7107,7024
7024,7107,7108,7025
7025,7108,7109,7026
7026,7109,675,676
106,107,7110,7027
7027,7110,7111,7028
7028,7111,7112,7029
7029,7112,7113,7030
7030,7113,7114,7031
7031,7114,7115,7032
7032,7115,7116,7033
7033,7116,7117,7034
7034,7117,7118,7035
7035,7118,7119,7036
7036,7119,7120,7037
7037,7120,7121,7038
7038,7121,7122,7039
7039,7122,7123,7040
7040,7123,7124,7041
7041,7124,7125,7042
7042,7125,7126,7043
7043,7126,7127,7044
7044,7127,7128,7045
7045,7128,7129,7046
7046,7129,7130,7047
7047,7130,7131,7048
7048,7131,7132,7049
7049,7132,7133,7050
7050,7133,7134,7051
7051,7134,7135,7052
7052,7135,7136,7053
7053,7136,7137,7054
7054,7137,7138,7055
7055,7138,7139,7056
7056,7139,7140,7057
7057,7140,7141,7058
7058,7141,7142,7059
7059,7142,7143,7060
7060,7143,7144,7061
7061,7144,7145,7062
7062,7145,7146,7063
7063,7146,7147,7064
7064,7147,7148,7065
7065,7148,7149,7066
7066,7149,7150,7067
7067,7150,7151,7068
7068,7151,7152,7069
7069,7152,7153,7070
7070,7153,7154,7071
7071,7154,7155,7072
7072,7155,7156,7073
7073,7156,7157,7074
7074,7157,7158,7075
7075,7158,7159,7076
7076,7159,7160,7077
7077,7160,7161,7078
7078,7161,7162,7079
7079,7162,7163,7080
7080,7163,7164,7081
7081,7164,7165,7082
7082,7165,7166,7083
7083,7166,7167,7084
7084,7167,7168,7085
7085,7168,7169,7086
7086,7169,7170,7087
7087,7170,7171,7088
7088,7171,7172,7089
7089,7172,7173,7090
7090,7173,7174,7091
7091,7174,7175,7092
7092,7175,7176,7093
7093,7176,7177,7094
7094,7177,7178,7095
7095,7178,7179,7096
7096,7179,7180,7097
7097,7180,7181,7098
7098,7181,7182,7099
7099,7182,7183,7100
7100,7183,7184,7101
7101,7184,7185,7102
7102,7185,7186,7103
7103,7186,7187,7104
7104,7187,7188,7105
7105,7188,7189,7106
7106,7189,7190,7107
7107,7190,7191,7108
7108,7191,7192,7109
7109,7192,674,675
107,108,7193,7110
7110,7193,7194,7111
7111,7194,7195,7112
7112,7195,7196,7113
7113,7196,7197,7114
7114,7197,7198,7115
7115,7198,7199,7116
7116,7199,7200,7117
7117,7200,7201,7118
7118,7201,7202,7119
7119,7202,7203,7120
7120,7203,7204,7121
7121,7204,7205,7122
7122,7205,7206,7123
7123,7206,7207,7124
7124,7207,7208,7125
7125,7208,7209,7126
7126,7209,7210,7127
7127,7210,7211,7128
7128,7211,7212,7129
7129,7212,7213,7130
7130,7213,7214,7131
7131,7214,7215,7132
7132,7215,7216,7133
7133,7216,7217,7134
7134,7217,7218,7135
7135,7218,7219,7136
7136,7219,7220,7137
7137,7220,7221,7138
7138,7221,7222,7139
7139,7222,7223,7140
7140,7223,7224,7141
7141,7224,7225,7142
7142,7225,7226,7143
7143,7226,7227,7144
7144,7227,7228,7145
7145,7228,7229,7146
7146,7229,7230,7147
7147,7230,7231,7148
7148,7231,7232,7149
7149,7232,7233,7150
7150,7233,7234,7151
7151,7234,7235,7152
7152,7235,7236,7153
7153,7236,7237,7154
7154,7237,7238,7155
7155,7238,7239,7156
7156,7239,7240,7157
7157,7240,7241,7158
7158,7241,7242,7159
7159,7242,7243,7160
7160,7243,7244,7161
7161,7244,7245,7162
7162,7245,7246,7163
7163,7246,7247,7164
7164,7247,7248,7165
7165,7248,7249,7166
7166,7249,7250,7167
7167,7250,7251,7168
7168,7251,7252,7169
7169,7252,7253,7170
7170,7253,7254,7171
7171,7254,7255,7172
7172,7255,7256,7173
7173,7256,7257,7174
7174,7257,7258,7175
7175,7258,7259,7176
7176,7259,7260,7177
7177,7260,7261,7178
7178,7261,7262,7179
7179,7262,7263,7180
7180,7263,7264,7181
7181,7264,7265,7182
7182,7265,7266,7183
7183,7266,7267,7184
7184,7267,7268,7185
7185,7268,7269,7186
7186,7269,7270,7187
7187,7270,7271,7188
7188,7271,7272,7189
7189,7272,7273,7190
7190,7273,7274,7191
7191,7274,7275,7192
7192,7275,673,674
108,109,7276,7193
7193,7276,7277,7194
7194,7277,7278,7195
7195,7278,7279,7196
7196,7279,7280,7197
7197,7280,7281,7198
7198,7281,7282,7199
7199,7282,7283,7200
7200,7283,7284,7201
7201,7284,7285,7202
7202,7285,7286,7203
7203,7286,7287,7204
7204,7287,7288,7205
7205,7288,7289,7206
7206,7289,7290,7207
7207,7290,7291,7208
7208,7291,7292,7209
7209,7292,7293,7210
7210,7293,7294,7211
7211,7294,7295,7212
7212,7295,7296,7213
7213,7296,7297,7214
7214,7297,7298,7215
7215,7298,7299,7216
7216,7299,7300,7217
7217,7300,7301,7218
7218,7301,7302,7219
7219,7302,7303,7220
7220,7303,7304,7221
7221,7304,7305,7222
7222,7305,7306,7223
7223,7306,7307,7224
7224,7307,7308,7225
7225,7308,7309,7226
7226,7309,7310,7227
7227,7310,7311,7228
7228,7311,7312,7229
7229,7312,7313,7230
7230,7313,7314,7231
7231,7314,7315,7232
7232,7315,7316,7233
7233,7316,7317,7234
7234,7317,7318,7235
7235,7318,7319,7236
7236,7319,7320,7237
7237,7320,7321,7238
7238,7321,7322,7239
7239,7322,7323,7240
7240,7323,7324,7241
7241,7324,7325,7242
7242,7325,7326,7243
7243,7326,7327,7244
7244,7327,7328,7245
7245,7328,7329,7246
7246,7329,7330,7247
7247,7330,7331,7248
7248,7331,7332,7249
7249,7332,7333,7250
7250,7333,7334,7251
7251,7334,7335,7252
7252,7335,7336,7253
7253,7336,7337,7254
7254,7337,7338,7255
7255,7338,7339,7256
7256,7339,7340,7257
7257,7340,7341,7258
7258,7341,7342,7259
7259,7342,7343,7260
7260,7343,7344,7261
7261,7344,7345,7262
7262,7345,7346,7263
7263,7346,7347,7264
7264,7347,7348,7265
7265,7348,7349,7266
7266,7349,7350,7267
7267,7350,7351,7268
7268,7351,7352,7269
7269,7352,7353,7270
7270,7353,7354,7271
7271,7354,7355,7272
7272,7355,7356,7273
7273,7356,7357,7274
7274,7357,7358,7275
7275,7358,672,673
109,110,7359,7276
7276,7359,7360,7277
7277,7360,7361,7278
7278,7361,7362,7279
7279,7362,7363,7280
7280,7363,7364,7281
7281,7364,7365,7282
7282,7365,7366,7283
7283,7366,7367,7284
7284,7367,7368,7285
7285,7368,7369,7286
7286,7369,7370,7287
7287,7370,7371,7288
7288,7371,7372,7289
7289,7372,7373,7290
7290,7373,7374,7291
7291,7374,7375,7292
7292,7375,7376,7293
7293,7376,7377,7294
7294,7377,7378,7295
7295,7378,7379,7296
7296,7379,7380,7297
7297,7380,7381,7298
7298,7381,7382,7299
7299,7382,7383,7300
7300,7383,7384,7301
7301,7384,7385,7302
7302,7385,7386,7303
7303,7386,7387,7304
7304,7387,7388,7305
7305,7388,7389,7306
7306,7389,7390,7307
7307,7390,7391,7308
7308,7391,7392,7309
7309,7392,7393,7310
7310,7393,7394,7311
7311,7394,7395,7312
7312,7395,7396,7313
7313,7396,7397,7314
7314,7397,7398,7315
7315,7398,7399,7316
7316,7399,7400,7317
7317,7400,7401,7318
7318,7401,7402,7319
7319,7402,7403,7320
7320,7403,7404,7321
7321,7404,7405,7322
7322,7405,7406,7323
7323,7406,7407,7324
7324,7407,7408,7325
7325,7408,7409,7326
7326,7409,7410,7327
7327,7410,7411,7328
7328,7411,7412,7329
7329,7412,7413,7330
7330,7413,7414,7331
7331,7414,7415,7332
7332,7415,7416,7333
7333,7416,7417,7334
7334,7417,7418,7335
7335,7418,7419,7336
7336,7419,7420,7337
7337,7420,7421,7338
7338,7421,7422,7339
7339,7422,7423,7340
7340,7423,7424,7341
7341,7424,7425,7342
7342,7425,7426,7343
7343,7426,7427,7344
7344,7427,7428,7345
7345,7428,7429,7346
7346,7429,7430,7347
7347,7430,7431,7348
7348,7431,7432,7349
7349,7432,7433,7350
7350,7433,7434,7351
7351,7434,7435,7352
7352,7435,7436,7353
7353,7436,7437,7354
7354,7437,7438,7355
7355,7438,7439,7356
7356,7439,7440,7357
7357,7440,7441,7358
7358,7441,671,672
110,111,7442,7359
7359,7442,7443,7360
7360,7443,7444,7361
7361,7444,7445,7362
7362,7445,7446,7363
7363,7446,7447,7364
7364,7447,7448,7365
7365,7448,7449,7366
7366,7449,7450,7367
7367,7450,7451,7368
7368,7451,7452,7369
7369,7452,7453,7370
7370,7453,7454,7371
7371,7454,7455,7372
7372,7455,7456,7373
7373,7456,7457,7374
7374,7457,7458,7375
7375,7458,7459,7376
7376,7459,7460,7377
7377,7460,7461,7378
7378,7461,7462,7379
7379,7462,7463,7380
7380,7463,7464,7381
7381,7464,7465,7382
7382,7465,7466,7383
7383,7466,7467,7384
7384,7467,7468,7385
7385,7468,7469,7386
7386,7469,7470,7387
7387,7470,7471,7388
7388,7471,7472,7389
7389,7472,7473,7390
7390,7473,7474,7391
7391,7474,7475,7392
7392,7475,7476,7393
7393,7476,7477,7394
7394,7477,7478,7395
7395,7478,7479,7396
7396,7479,7480,7397
7397,7480,7481,7398
7398,7481,7482,7399
7399,7482,7483,7400
7400,7483,7484,7401
7401,7484,7485,7402
7402,7485,7486,7403
7403,7486,7487,7404
7404,7487,7488,7405
7405,7488,7489,7406
7406,7489,7490,7407
7407,7490,7491,7408
7408,7491,7492,7409
7409,7492,7493,7410
7410,7493,7494,7411
7411,7494,7495,7412
7412,7495,7496,7413
7413,7496,7497,7414
7414,7497,7498,7415
7415,7498,7499,7416
7416,7499,7500,7417
7417,7500,7501,7418
7418,7501,7502,7419
7419,7502,7503,7420
7420,7503,7504,7421
7421,7504,7505,7422
7422,7505,7506,7423
7423,7506,7507,7424
7424,7507,7508,7425
7425,7508,7509,7426
7426,7509,7510,7427
7427,7510,7511,7428
7428,7511,7512,7429
7429,7512,7513,7430
7430,7513,7514,7431
7431,7514,7515,7432
7432,7515,7516,7433
7433,7516,7517,7434
7434,7517,7518,7435
7435,7518,7519,7436
7436,7519,7520,7437
7437,7520,7521,7438
7438,7521,7522,7439
7439,7522,7523,7440
7440,7523,7524,7441
7441,7524,670,671
111,10,780,7442
7442,780,781,7443
7443,781,782,7444
7444,782,783,7445
7445,783,784,7446
7446,784,785,7447
7447,785,786,7448
7448,786,787,7449
7449,787,788,7450
7450,788,789,7451
7451,789,790,7452
7452,790,791,7453
7453,791,792,7454
7454,792,793,7455
7455,793,794,7456
7456,794,795,7457
7457,795,796,7458
7458,796,797,7459
7459,797,798,7460
7460,798,799,7461
7461,799,800,7462
7462,800,801,7463
7463,801,802,7464
7464,802,803,7465
7465,803,804,7466
7466,804,805,7467
7467,805,806,7468
7468,806,807,7469
7469,807,808,7470
7470,808,809,7471
7471,809,810,7472
7472,810,811,7473
7473,811,812,7474
7474,812,813,7475
7475,813,814,7476
7476,814,815,7477
7477,815,816,7478
7478,816,817,7479
7479,817,818,7480
7480,818,819,7481
7481,819,820,7482
7482,820,821,7483
7483,821,822,7484
7484,822,823,7485
7485,823,824,7486
7486,824,825,7487
7487,825,826,7488
7488,826,827,7489
7489,827,828,7490
7490,828,829,7491
7491,829,830,7492
7492,830,831,7493
7493,831,832,7494
7494,832,833,7495
7495,833,834,7496
7496,834,835,7497
7497,835,836,7498
7498,836,837,7499
7499,837,838,7500
7500,838,839,7501
7501,839,840,7502
7502,840,841,7503
7503,841,842,7504
7504,842,843,7505
7505,843,844,7506
7506,844,845,7507
7507,845,846,7508
7508,846,847,7509
7509,847,848,7510
7510,848,849,7511
7511,849,850,7512
7512,850,851,7513
7513,851,852,7514
7514,852,853,7515
7515,853,854,7516
7516,854,855,7517
7517,855,856,7518
7518,856,857,7519
7519,857,858,7520
7520,858,859,7521
7521,859,860,7522
7522,860,861,7523
7523,861,862,7524
7524,862,20,670
10,112,7774,780
780,7774,7775,781
781,7775,7776,782
782,7776,7777,783
783,7777,7778,784
784,7778,7779,785
785,7779,7780,786
786,7780,7781,787
787,7781,7782,788
788,7782,7783,789
789,7783,7784,790
790,7784,7785,791
791,7785,7786,792
792,7786,7787,793
793,7787,7788,794
794,7788,7789,795
795,7789,7790,796
796,7790,7791,797
797,7791,7792,798
798,7792,7793,799
799,7793,7794,800
800,7794,7795,801
801,7795,7796,802
802,7796,7797,803
803,7797,7798,804
804,7798,7799,805
805,7799,7800,806
806,7800,7801,807
807,7801,7802,808
808,7802,7803,809
809,7803,7804,810
810,7804,7805,811
811,7805,7806,812
812,7806,7807,813
813,7807,7808,814
814,7808,7809,815
815,7809,7810,816
816,7810,7811,817
817,7811,7812,818
818,7812,7813,819
819,7813,7814,820
820,7814,7815,821
821,7815,7816,822
822,7816,7817,823
823,7817,7818,824
824,7818,7819,825
825,7819,7820,826
826,7820,7821,827
827,7821,7822,828
828,7822,7823,829
829,7823,7824,830
830,7824,7825,831
831,7825,7826,832
832,7826,7827,833
833,7827,7828,834
834,7828,7829,835
835,7829,7830,836
836,7830,7831,837
837,7831,7832,838
838,7832,7833,839
839,7833,7834,840
840,7834,7835,841
841,7835,7836,842
842,7836,7837,843
843,7837,7838,844
844,7838,7839,845
845,7839,7840,846
846,7840,7841,847
847,7841,7842,848
848,7842,7843,849
849,7843,7844,850
850,7844,7845,851
851,7845,7846,852
852,7846,7847,853
853,7847,7848,854
854,7848,7849,855
855,7849,7850,856
856,7850,7851,857
857,7851,7852,858
858,7852,7853,859
859,7853,7854,860
860,7854,7855,861
861,7855,7856,862
862,7856,868,20
112,113,7857,7774
7774,7857,7858,7775
7775,7858,7859,7776
7776,7859,7860,7777
7777,7860,7861,7778
7778,7861,7862,7779
7779,7862,7863,7780
7780,7863,7864,7781
7781,7864,7865,7782
7782,7865,7866,7783
7783,7866,7867,7784
7784,7867,7868,7785
7785,7868,7869,7786
7786,7869,7870,7787
7787,7870,7871,7788
7788,7871,7872,7789
7789,7872,7873,7790
7790,7873,7874,7791
7791,7874,7875,7792
7792,7875,7876,7793
7793,7876,7877,7794
7794,7877,7878,7795
7795,7878,7879,7796
7796,7879,7880,7797
7797,7880,7881,7798
7798,7881,7882,7799
7799,7882,7883,7800
7800,7883,7884,7801
7801,7884,7885,7802
7802,7885,7886,7803
7803,7886,7887,7804
7804,7887,7888,7805
7805,7888,7889,7806
7806,7889,7890,7807
7807,7890,7891,7808
7808,7891,7892,7809
7809,7892,7893,7810
7810,7893,7894,7811
7811,7894,7895,7812
7812,7895,7896,7813
7813,7896,7897,7814
7814,7897,7898,7815
7815,7898,7899,7816
7816,7899,7900,7817
7817,7900,7901,7818
7818,7901,7902,7819
7819,7902,7903,7820
7820,7903,7904,7821
7821,7904,7905,7822
7822,7905,7906,7823
7823,7906,7907,7824
7824,7907,7908,7825
7825,7908,7909,7826
7826,7909,7910,7827
7827,7910,7911,7828
7828,7911,7912,7829
7829,7912,7913,7830
7830,7913,7914,7831
7831,7914,7915,7832
7832,7915,7916,7833
7833,7916,7917,7834
7834,7917,7918,7835
7835,7918,7919,7836
7836,7919,7920,7837
7837,7920,7921,7838
7838,7921,7922,7839
7839,7922,7923,7840
7840,7923,7924,7841
7841,7924,7925,7842
7842,7925,7926,7843
7843,7926,7927,7844
7844,7927,7928,7845
7845,7928,7929,7846
7846,7929,7930,7847
7847,7930,7931,7848
7848,7931,7932,7849
7849,7932,7933,7850
7850,7933,7934,7851
7851,7934,7935,7852
7852,7935,7936,7853
7853,7936,7937,7854
7854,7937,7938,7855
7855,7938,7939,7856
7856,7939,867,868
113,114,7940,7857
7857,7940,7941,7858
7858,7941,7942,7859
7859,7942,7943,7860
7860,7943,7944,7861
7861,7944,7945,7862
7862,7945,7946,7863
7863,7946,7947,7864
7864,7947,7948,7865
7865,7948,7949,7866
7866,7949,7950,7867
7867,7950,7951,7868
7868,7951,7952,7869
7869,7952,7953,7870
7870,7953,7954,7871
7871,7954,7955,7872
7872,7955,7956,7873
7873,7956,7957,7874
7874,7957,7958,7875
7875,7958,7959,7876
7876,7959,7960,7877
7877,7960,7961,7878
7878,7961,7962,7879
7879,7962,7963,7880
7880,7963,7964,7881
7881,7964,7965,7882
7882,7965,7966,7883
7883,7966,7967,7884
7884,7967,7968,7885
7885,7968,7969,7886
7886,7969,7970,7887
7887,7970,7971,7888
7888,7971,7972,7889
7889,7972,7973,7890
7890,7973,7974,7891
7891,7974,7975,7892
7892,7975,7976,7893
7893,7976,7977,7894
7894,7977,7978,7895
7895,7978,7979,7896
7896,7979,7980,7897
7897,7980,7981,7898
7898,7981,7982,7899
7899,7982,7983,7900
7900,7983,7984,7901
7901,7984,7985,7902
7902,7985,7986,7903
7903,7986,7987,7904
7904,7987,7988,7905
7905,7988,7989,7906
7906,7989,7990,7907
7907,7990,7991,7908
7908,7991,7992,7909
7909,7992,7993,7910
7910,7993,7994,7911
7911,7994,7995,7912
7912,7995,7996,7913
7913,7996,7997,7914
7914,7997,7998,7915
7915,7998,7999,7916
7916,7999,8000,7917
7917,8000,8001,7918
7918,8001,8002,7919
7919,8002,8003,7920
7920,8003,8004,7921
7921,8004,8005,7922
7922,8005,8006,7923
7923,8006,8007,7924
7924,8007,8008,7925
7925,8008,8009,7926
7926,8009,8010,7927
7927,8010,8011,7928
7928,8011,8012,7929
7929,8012,8013,7930
7930,8013,8014,7931
7931,8014,8015,7932
7932,8015,8016,7933
7933,8016,8017,7934
7934,8017,8018,7935
7935,8018,8019,7936
7936,8019,8020,7937
7937,8020,8021,7938
7938,8021,8022,7939
7939,8022,866,867
114,11,952,7940
7940,952,953,7941
7941,953,954,7942
7942,954,955,7943
7943,955,956,7944
7944,956,957,7945
7945,957,958,7946
7946,958,959,7947
7947,959,960,7948
7948,960,961,7949
7949,961,962,7950
7950,962,963,7951
7951,963,964,7952
7952,964,965,7953
7953,965,966,7954
7954,966,967,7955
7955,967,968,7956
7956,968,969,7957
7957,969,970,7958
7958,970,971,7959
7959,971,972,7960
7960,972,973,7961
7961,973,974,7962
7962,974,975,7963
7963,975,976,7964
7964,976,977,7965
7965,977,978,7966
7966,978,979,7967
7967,979,980,7968
7968,980,981,7969
7969,981,982,7970
7970,982,983,7971
7971,983,984,7972
7972,984,985,7973
7973,985,986,7974
7974,986,987,7975
7975,987,988,7976
7976,988,989,7977
7977,989,990,7978
7978,990,991,7979
7979,991,992,7980
7980,992,993,7981
7981,993,994,7982
7982,994,995,7983
7983,995,996,7984
7984,996,997,7985
7985,997,998,7986
7986,998,999,7987
7987,999,1000,7988
7988,1000,1001,7989
7989,1001,1002,7990
7990,1002,1003,7991
7991,1003,1004,7992
7992,1004,1005,7993
7993,1005,1006,7994
7994,1006,1007,7995
7995,1007,1008,7996
7996,1008,1009,7997
7997,1009,1010,7998
7998,1010,1011,7999
7999,1011,1012,8000
8000,1012,1013,8001
8001,1013,1014,8002
8002,1014,1015,8003
8003,1015,1016,8004
8004,1016,1017,8005
8005,1017,1018,8006
8006,1018,1019,8007
8007,1019,1020,8008
8008,1020,1021,8009
8009,1021,1022,8010
8010,1022,1023,8011
8011,1023,1024,8012
8012,1024,1025,8013
8013,1025,1026,8014
8014,1026,1027,8015
8015,1027,1028,8016
8016,1028,1029,8017
8017,1029,1030,8018
8018,1030,1031,8019
8019,1031,1032,8020
8020,1032,1033,8021
8021,1033,1034,8022
8022,1034,22,866
11,115,8687,952
952,8687,8688,953
953,8688,8689,954
954,8689,8690,955
955,8690,8691,956
956,8691,8692,957
957,8692,8693,958
958,8693,8694,959
959,8694,8695,960
960,8695,8696,961
961,8696,8697,962
962,8697,8698,963
963,8698,8699,964
964,8699,8700,965
965,8700,8701,966
966,8701,8702,967
967,8702,8703,968
968,8703,8704,969
969,8704,8705,970
970,8705,8706,971
971,8706,8707,972
972,8707,8708,973
973,8708,8709,974
974,8709,8710,975
975,8710,8711,976
976,8711,8712,977
977,8712,8713,978
978,8713,8714,979
979,8714,8715,980
980,8715,8716,981
981,8716,8717,982
982,8717,8718,983
983,8718,8719,984
984,8719,8720,985
985,8720,8721,986
986,8721,8722,987
987,8722,8723,988
988,8723,8724,989
989,8724,8725,990
990,8725,8726,991
991,8726,8727,992
992,8727,8728,993
993,8728,8729,994
994,8729,8730,995
995,8730,8731,996
996,8731,8732,997
997,8732,8733,998
998,8733,8734,999
999,8734,8735,1000
1000,8735,8736,1001
1001,8736,8737,1002
1002,8737,8738,1003
1003,8738,8739,1004
1004,8739,8740,1005
1005,8740,8741,1006
1006,8741,8742,1007
1007,8742,8743,1008
1008,8743,8744,1009
1009,8744,8745,1010
1010,8745,8746,1011
1011,8746,8747,1012
1012,8747,8748,1013
1013,8748,8749,1014
1014,8749,8750,1015
1015,8750,8751,1016
1016,8751,8752,1017
1017,8752,8753,1018
1018,8753,8754,1019
1019,8754,8755,1020
1020,8755,8756,1021
1021,8756,8757,1022
1022,8757,8758,1023
1023,8758,8759,1024
1024,8759,8760,1025
1025,8760,8761,1026
1026,8761,8762,1027
1027,8762,8763,1028
1028,8763,8764,1029
1029,8764,8765,1030
1030,8765,8766,1031
1031,8766,8767,1032
1032,8767,8768,1033
1033,8768,8769,1034
1034,8769,1050,22
115,116,8770,8687
8687,8770,8771,8688
8688,8771,8772,8689
8689,8772,8773,8690
8690,8773,8774,8691
8691,8774,8775,8692
8692,8775,8776,8693
8693,8776,8777,8694
8694,8777,8778,8695
8695,8778,8779,8696
8696,8779,8780,8697
8697,8780,8781,8698
8698,8781,8782,8699
8699,8782,8783,8700
8700,8783,8784,8701
8701,8784,8785,8702
8702,8785,8786,8703
8703,8786,8787,8704
8704,8787,8788,8705
8705,8788,8789,8706
8706,8789,8790,8707
8707,8790,8791,8708
8708,8791,8792,8709
8709,8792,8793,8710
8710,8793,8794,8711
8711,8794,8795,8712
8712,8795,8796,8713
8713,8796,8797,8714
8714,8797,8798,8715
8715,8798,8799,8716
8716,8799,8800,8717
8717,8800,8801,8718
8718,8801,8802,8719
8719,8802,8803,8720
8720,8803,8804,8721
8721,8804,8805,8722
8722,8805,8806,8723
8723,8806,8807,8724
8724,8807,8808,8725
8725,8808,8809,8726
8726,8809,8810,8727
8727,8810,8811,8728
8728,8811,8812,8729
8729,8812,8813,8730
8730,8813,8814,8731
8731,8814,8815,8732
8732,8815,8816,8733
8733,8816,8817,8734
8734,8817,8818,8735
8735,8818,8819,8736
8736,8819,8820,8737
8737,8820,8821,8738
8738,8821,8822,8739
8739,8822,8823,8740
8740,8823,8824,8741
8741,8824,8825,8742
8742,8825,8826,8743
8743,8826,8827,8744
8744,8827,8828,8745
8745,8828,8829,8746
8746,8829,8830,8747
8747,8830,8831,8748
8748,8831,8832,8749
8749,8832,8833,8750
8750,8833,8834,8751
8751,8834,8835,8752
8752,8835,8836,8753
8753,8836,8837,8754
8754,8837,8838,8755
8755,8838,8839,8756
8756,8839,8840,8757
8757,8840,8841,8758
8758,8841,8842,8759
8759,8842,8843,8760
8760,8843,8844,8761
8761,8844,8845,8762
8762,8845,8846,8763
8763,8846,8847,8764
8764,8847,8848,8765
8765,8848,8849,8766
8766,8849,8850,8767
8767,8850,8851,8768
8768,8851,8852,8769
8769,8852,1049,1050
116,117,8853,8770
8770,8853,8854,8771
8771,8854,8855,8772
8772,8855,8856,8773
8773,8856,8857,8774
8774,8857,8858,8775
8775,8858,8859,8776
8776,8859,8860,8777
8777,8860,8861,8778
8778,8861,8862,8779
8779,8862,8863,8780
8780,8863,8864,8781
8781,8864,8865,8782
8782,8865,8866,8783
8783,8866,8867,8784
8784,8867,8868,8785
8785,8868,8869,8786
8786,8869,8870,8787
8787,8870,8871,8788
8788,8871,8872,8789
8789,8872,8873,8790
8790,8873,8874,8791
8791,8874,8875,8792
8792,8875,8876,8793
8793,8876,8877,8794
8794,8877,8878,8795
8795,8878,8879,8796
8796,8879,8880,8797
8797,8880,8881,8798
8798,8881,8882,8799
8799,8882,8883,8800
8800,8883,8884,8801
8801,8884,8885,8802
8802,8885,8886,8803
8803,8886,8887,8804
8804,8887,8888,8805
8805,8888,8889,8806
8806,8889,8890,8807
8807,8890,8891,8808
8808,8891,8892,8809
8809,8892,8893,8810
8810,8893,8894,8811
8811,8894,8895,8812
8812,8895,8896,8813
8813,8896,8897,8814
8814,8897,8898,8815
8815,8898,8899,8816
8816,8899,8900,8817
8817,8900,8901,8818
8818,8901,8902,8819
8819,8902,8903,8820
8820,8903,8904,8821
8821,8904,8905,8822
8822,8905,8906,8823
8823,8906,8907,8824
8824,8907,8908,8825
8825,8908,8909,8826
8826,8909,8910,8827
8827,8910,8911,8828
8828,8911,8912,8829
8829,8912,8913,8830
8830,8913,8914,8831
8831,8914,8915,8832
8832,8915,8916,8833
8833,8916,8917,8834
8834,8917,8918,8835
8835,8918,8919,8836
8836,8919,8920,8837
8837,8920,8921,8838
8838,8921,8922,8839
8839,8922,8923,8840
8840,8923,8924,8841
8841,8924,8925,8842
8842,8925,8926,8843
8843,8926,8927,8844
8844,8927,8928,8845
8845,8928,8929,8846
8846,8929,8930,8847
8847,8930,8931,8848
8848,8931,8932,8849
8849,8932,8933,8850
8850,8933,8934,8851
8851,8934,8935,8852
8852,8935,1048,1049
117,118,8936,8853
8853,8936,8937,8854
8854,8937,8938,8855
8855,8938,8939,8856
8856,8939,8940,8857
8857,8940,8941,8858
8858,8941,8942,8859
8859,8942,8943,8860
8860,8943,8944,8861
8861,8944,8945,8862
8862,8945,8946,8863
8863,8946,8947,8864
8864,8947,8948,8865
8865,8948,8949,8866
8866,8949,8950,8867
8867,8950,8951,8868
8868,8951,8952,8869
8869,8952,8953,8870
8870,8953,8954,8871
8871,8954,8955,8872
8872,8955,8956,8873
8873,8956,8957,8874
8874,8957,8958,8875
8875,8958,8959,8876
8876,8959,8960,8877
8877,8960,8961,8878
8878,8961,8962,8879
8879,8962,8963,8880
8880,8963,8964,8881
8881,8964,8965,8882
8882,8965,8966,8883
8883,8966,8967,8884
8884,8967,8968,8885
8885,8968,8969,8886
8886,8969,8970,8887
8887,8970,8971,8888
8888,8971,8972,8889
8889,8972,8973,8890
8890,8973,8974,8891
8891,8974,8975,8892
8892,8975,8976,8893
8893,8976,8977,8894
8894,8977,8978,8895
8895,8978,8979,8896
8896,8979,8980,8897
8897,8980,8981,8898
8898,8981,8982,8899
8899,8982,8983,8900
8900,8983,8984,8901
8901,8984,8985,8902
8902,8985,8986,8903
8903,8986,8987,8904
8904,8987,8988,8905
8905,8988,8989,8906
8906,8989,8990,8907
8907,8990,8991,8908
8908,8991,8992,8909
8909,8992,8993,8910
8910,8993,8994,8911
8911,8994,8995,8912
8912,8995,8996,8913
8913,8996,8997,8914
8914,8997,8998,8915
8915,8998,8999,8916
8916,8999,9000,8917
8917,9000,9001,8918
8918,9001,9002,8919
8919,9002,9003,8920
8920,9003,9004,8921
8921,9004,9005,8922
8922,9005,9006,8923
8923,9006,9007,8924
8924,9007,9008,8925
8925,9008,9009,8926
8926,9009,9010,8927
8927,9010,9011,8928
8928,9011,9012,8929
8929,9012,9013,8930
8930,9013,9014,8931
8931,9014,9015,8932
8932,9015,9016,8933
8933,9016,9017,8934
8934,9017,9018,8935
8935,9018,1047,1048
118,119,9019,8936
8936,9019,9020,8937
8937,9020,9021,8938
8938,9021,9022,8939
8939,9022,9023,8940
8940,9023,9024,8941
8941,9024,9025,8942
8942,9025,9026,8943
8943,9026,9027,8944
8944,9027,9028,8945
8945,9028,9029,8946
8946,9029,9030,8947
8947,9030,9031,8948
8948,9031,9032,8949
8949,9032,9033,8950
8950,9033,9034,8951
8951,9034,9035,8952
8952,9035,9036,8953
8953,9036,9037,8954
8954,9037,9038,8955
8955,9038,9039,8956
8956,9039,9040,8957
8957,9040,9041,8958
8958,9041,9042,8959
8959,9042,9043,8960
8960,9043,9044,8961
8961,9044,9045,8962
8962,9045,9046,8963
8963,9046,9047,8964
8964,9047,9048,8965
8965,9048,9049,8966
8966,9049,9050,8967
8967,9050,9051,8968
8968,9051,9052,8969
8969,9052,9053,8970
8970,9053,9054,8971
8971,9054,9055,8972
8972,9055,9056,8973
8973,9056,9057,8974
8974,9057,9058,8975
8975,9058,9059,8976
8976,9059,9060,8977
8977,9060,9061,8978
8978,9061,9062,8979
8979,9062,9063,8980
8980,9063,9064,8981
8981,9064,9065,8982
8982,9065,9066,8983
8983,9066,9067,8984
8984,9067,9068,8985
8985,9068,9069,8986
8986,9069,9070,8987
8987,9070,9071,8988
8988,9071,9072,8989
8989,9072,9073,8990
8990,9073,9074,8991
8991,9074,9075,8992
8992,9075,9076,8993
8993,9076,9077,8994
8994,9077,9078,8995
8995,9078,9079,8996
8996,9079,9080,8997
8997,9080,9081,8998
8998,9081,9082,8999
8999,9082,9083,9000
9000,9083,9084,9001
9001,9084,9085,9002
9002,9085,9086,9003
9003,9086,9087,9004
9004,9087,9088,9005
9005,9088,9089,9006
9006,9089,9090,9007
9007,9090,9091,9008
9008,9091,9092,9009
9009,9092,9093,9010
9010,9093,9094,9011
9011,9094,9095,9012
9012,9095,9096,9013
9013,9096,9097,9014
9014,9097,9098,9015
9015,9098,9099,9016
9016,9099,9100,9017
9017,9100,9101,9018
9018,9101,1046,1047
119,120,9102,9019
9019,9102,9103,9020
9020,9103,9104,9021
9021,9104,9105,9022
9022,9105,9106,9023
9023,9106,9107,9024
9024,9107,9108,9025
9025,9108,9109,9026
9026,9109,9110,9027
9027,9110,9111,9028
9028,9111,9112,9029
9029,9112,9113,9030
9030,9113,9114,9031
9031,9114,9115,9032
9032,9115,9116,9033
9033,9116,9117,9034
9034,9117,9118,9035
9035,9118,9119,9036
9036,9119,9120,9037
9037,9120,9121,9038
9038,9121,9122,9039
9039,9122,9123,9040
9040,9123,9124,9041
9041,9124,9125,9042
9042,9125,9126,9043
9043,9126,9127,9044
9044,9127,9128,9045
9045,9128,9129,9046
9046,9129,9130,9047
9047,9130,9131,9048
9048,9131,9132,9049
9049,9132,9133,9050
9050,9133,9134,9051
9051,9134,9135,9052
9052,9135,9136,9053
9053,9136,9137,9054
9054,9137,9138,9055
9055,9138,9139,9056
9056,9139,9140,9057
9057,9140,9141,9058
9058,9141,9142,9059
9059,9142,9143,9060
9060,9143,9144,9061
9061,9144,9145,9062
9062,9145,9146,9063
9063,9146,9147,9064
9064,9147,9148,9065
9065,9148,9149,9066
9066,9149,9150,9067
9067,9150,9151,9068
9068,9151,9152,9069
9069,9152,9153,9070
9070,9153,9154,9071
9071,9154,9155,9072
9072,9155,9156,9073
9073,9156,9157,9074
9074,9157,9158,9075
9075,9158,9159,9076
9076,9159,9160,9077
9077,9160,9161,9078
9078,9161,9162,9079
9079,9162,9163,9080
9080,9163,9164,9081
9081,9164,9165,9082
9082,9165,9166,9083
9083,9166,9167,9084
9084,9167,9168,9085
9085,9168,9169,9086
9086,9169,9170,9087
9087,9170,9171,9088
9088,9171,9172,9089
9089,9172,9173,9090
9090,9173,9174,9091
9091,9174,9175,9092
9092,9175,9176,9093
9093,9176,9177,9094
9094,9177,9178,9095
9095,9178,9179,9096
9096,9179,9180,9097
9097,9180,9181,9098
9098,9181,9182,9099
9099,9182,9183,9100
9100,9183,9184,9101
9101,9184,1045,1046
120,121,9185,9102
9102,9185,9186,9103
9103,9186,9187,9104
9104,9187,9188,9105
9105,9188,9189,9106
9106,9189,9190,9107
9107,9190,9191,9108
9108,9191,9192,9109
9109,9192,9193,9110
9110,9193,9194,9111
9111,9194,9195,9112
9112,9195,9196,9113
9113,9196,9197,9114
9114,9197,9198,9115
9115,9198,9199,9116
9116,9199,9200,9117
9117,9200,9201,9118
9118,9201,9202,9119
9119,9202,9203,9120
9120,9203,9204,9121
9121,9204,9205,9122
9122,9205,9206,9123
9123,9206,9207,9124
9124,9207,9208,9125
9125,9208,9209,9126
9126,9209,9210,9127
9127,9210,9211,9128
9128,9211,9212,9129
9129,9212,9213,9130
9130,9213,9214,9131
9131,9214,9215,9132
9132,9215,9216,9133
9133,9216,9217,9134
9134,9217,9218,9135
9135,9218,9219,9136
9136,9219,9220,9137
9137,9220,9221,9138
9138,9221,9222,9139
9139,9222,9223,9140
9140,9223,9224,9141
9141,9224,9225,9142
9142,9225,9226,9143
9143,9226,9227,9144
9144,9227,9228,9145
9145,9228,9229,9146
9146,9229,9230,9147
9147,9230,9231,9148
9148,9231,9232,9149
9149,9232,9233,9150
9150,9233,9234,9151
9151,9234,9235,9152
9152,9235,9236,9153
9153,9236,9237,9154
9154,9237,9238,9155
9155,9238,9239,9156
9156,9239,9240,9157
9157,9240,9241,9158
9158,9241,9242,9159
9159,9242,9243,9160
9160,9243,9244,9161
9161,9244,9245,9162
9162,9245,9246,9163
9163,9246,9247,9164
9164,9247,9248,9165
9165,9248,9249,9166
9166,9249,9250,9167
9167,9250,9251,9168
9168,9251,9252,9169
9169,9252,9253,9170
9170,9253,9254,9171
9171,9254,9255,9172
9172,9255,9256,9173
9173,9256,9257,9174
9174,9257,9258,9175
9175,9258,9259,9176
9176,9259,9260,9177
9177,9260,9261,9178
9178,9261,9262,9179
9179,9262,9263,9180
9180,9263,9264,9181
9181,9264,9265,9182
9182,9265,9266,9183
9183,9266,9267,9184
9184,9267,1044,1045
121,122,9268,9185
9185,9268,9269,9186
9186,9269,9270,9187
9187,9270,9271,9188
9188,9271,9272,9189
9189,9272,9273,9190
9190,9273,9274,9191
9191,9274,9275,9192
9192,9275,9276,9193
9193,9276,9277,9194
9194,9277,9278,9195
9195,9278,9279,9196
9196,9279,9280,9197
9197,9280,9281,9198
9198,9281,9282,9199
9199,9282,9283,9200
9200,9283,9284,9201
9201,9284,9285,9202
9202,9285,9286,9203
9203,9286,9287,9204
9204,9287,9288,9205
9205,9288,9289,9206
9206,9289,9290,9207
9207,9290,9291,9208
9208,9291,9292,9209
9209,9292,9293,9210
9210,9293,9294,9211
9211,9294,9295,9212
9212,9295,9296,9213
9213,9296,9297,9214
9214,9297,9298,9215
9215,9298,9299,9216
9216,9299,9300,9217
9217,9300,9301,9218
9218,9301,9302,9219
9219,9302,9303,9220
9220,9303,9304,9221
9221,9304,9305,9222
9222,9305,9306,9223
9223,9306,9307,9224
9224,9307,9308,9225
9225,9308,9309,9226
9226,9309,9310,9227
9227,9310,9311,9228
9228,9311,9312,9229
9229,9312,9313,9230
9230,9313,9314,9231
9231,9314,9315,9232
9232,9315,9316,9233
9233,9316,9317,9234
9234,9317,9318,9235
9235,9318,9319,9236
9236,9319,9320,9237
9237,9320,9321,9238
9238,9321,9322,9239
9239,9322,9323,9240
9240,9323,9324,9241
9241,9324,9325,9242
9242,9325,9326,9243
9243,9326,9327,9244
9244,9327,9328,9245
9245,9328,9329,9246
9246,9329,9330,9247
9247,9330,9331,9248
9248,9331,9332,9249
9249,9332,9333,9250
9250,9333,9334,9251
9251,9334,9335,9252
9252,9335,9336,9253
9253,9336,9337,9254
9254,9337,9338,9255
9255,9338,9339,9256
9256,9339,9340,9257
9257,9340,9341,9258
9258,9341,9342,9259
9259,9342,9343,9260
9260,9343,9344,9261
9261,9344,9345,9262
9262,9345,9346,9263
9263,9346,9347,9264
9264,9347,9348,9265
9265,9348,9349,9266
9266,9349,9350,9267
9267,9350,1043,1044
122,12,1134,9268
9268,1134,1135,9269
9269,1135,1136,9270
9270,1136,1137,9271
9271,1137,1138,9272
9272,1138,1139,9273
9273,1139,1140,9274
9274,1140,1141,9275
9275,1141,1142,9276
9276,1142,1143,9277
9277,1143,1144,9278
9278,1144,1145,9279
9279,1145,1146,9280
9280,1146,1147,9281
9281,1147,1148,9282
9282,1148,1149,9283
9283,1149,1150,9284
9284,1150,1151,9285
9285,1151,1152,9286
9286,1152,1153,9287
9287,1153,1154,9288
9288,1154,1155,9289
9289,1155,1156,9290
9290,1156,1157,9291
9291,1157,1158,9292
9292,1158,1159,9293
9293,1159,1160,9294
9294,1160,1161,9295
9295,1161,1162,9296
9296,1162,1163,9297
9297,1163,1164,9298
9298,1164,1165,9299
9299,1165,1166,9300
9300,1166,1167,9301
9301,1167,1168,9302
9302,1168,1169,9303
9303,1169,1170,9304
9304,1170,1171,9305
9305,1171,1172,9306
9306,1172,1173,9307
9307,1173,1174,9308
9308,1174,1175,9309
9309,1175,1176,9310
9310,1176,1177,9311
9311,1177,1178,9312
9312,1178,1179,9313
9313,1179,1180,9314
9314,1180,1181,9315
9315,1181,1182,9316
9316,1182,1183,9317
9317,1183,1184,9318
9318,1184,1185,9319
9319,1185,1186,9320
9320,1186,1187,9321
9321,1187,1188,9322
9322,1188,1189,9323
9323,1189,1190,9324
9324,1190,1191,9325
9325,1191,1192,9326
9326,1192,1193,9327
9327,1193,1194,9328
9328,1194,1195,9329
9329,1195,1196,9330
9330,1196,1197,9331
9331,1197,1198,9332
9332,1198,1199,9333
9333,1199,1200,9334
9334,1200,1201,9335
9335,1201,1202,9336
9336,1202,1203,9337
9337,1203,1204,9338
9338,1204,1205,9339
9339,1205,1206,9340
9340,1206,1207,9341
9341,1207,1208,9342
9342,1208,1209,9343
9343,1209,1210,9344
9344,1210,1211,9345
9345,1211,1212,9346
9346,1212,1213,9347
9347,1213,1214,9348
9348,1214,1215,9349
9349,1215,1216,9350
9350,1216,24,1043
